日期,最高温度,最低温度,白天天气,夜晚天气,白天风力,夜晚风力
2022-01-01,7,-7,多云,多云,北风 5-6级,北风 5-6级
2022-01-02,0,-7,晴,多云,北风 3-4级,北风 3-4级
2022-01-03,4,-6,多云,晴,西风 4-5级,西风 4-5级
2022-01-04,0,-5,晴,多云,东北风 3-4级,东北风 3-4级
2022-01-05,1,-4,多云,晴,西风 4-5级,西风 4-5级
2022-01-06,0,-5,晴,晴,北风 4-5级,北风 4-5级
2022-01-07,5,-3,晴,晴,西南风 4-5级,西南风 4-5级
2022-01-08,4,-5,晴,晴,西风 4-5级,西风 4-5级
2022-01-09,0,-5,多云,多云,北风 3-4级,北风 3-4级
2022-01-10,-2,-8,阴,晴,北风 4-5级,北风 4-5级
2022-01-11,-5,-9,晴,多云,北风 4-5级,北风 4-5级
2022-01-12,-1,-7,小到中雪,多云,北风 4-5级,北风 4-5级
2022-01-13,-2,-7,晴,晴,北风 4-5级,北风 4-5级
2022-01-14,4,-3,晴,多云,西南风 4-5级,西南风 4-5级
2022-01-15,4,-7,多云,晴,北风 4-5级,北风 4-5级
2022-01-16,-1,-8,晴,晴,北风 3-4级,北风 3-4级
2022-01-17,-1,-8,晴,晴,北风 4-5级,北风 4-5级
2022-01-18,2,-7,多云,小雪,南风 4-5级,南风 4-5级
2022-01-19,-7,-12,多云,晴,北风 5-6级,北风 5-6级
2022-01-20,-5,-11,晴,晴,北风 4-5级,北风 4-5级
2022-01-21,-2,-8,多云,小雪,北风 3-4级,北风 3-4级
2022-01-22,0,-6,小雪,多云,北风 4-5级,北风 4-5级
2022-01-23,-2,-6,晴,晴,北风 4-5级,北风 4-5级
2022-01-24,-2,-6,多云,多云,北风 4-5级,北风 4-5级
2022-01-25,2,-6,多云,晴,西北风 4-5级,西北风 4-5级
2022-01-26,-1,-5,多云,多云,北风 4-5级,北风 4-5级
2022-01-27,-2,-5,晴,多云,北风 3-4级,北风 3-4级
2022-01-28,-2,-6,晴,晴,北风 3-4级,北风 3-4级
2022-01-29,-1,-6,晴,晴,北风 3-4级,北风 3-4级
2022-01-30,3,-3,晴,多云,西北风 4-5级,西北风 4-5级
2022-01-31,3,-6,小雪,多云,北风 4-5级,北风 4-5级
2022-02-01,-3,-6,晴,晴,北风 4-5级,北风 4-5级
2022-02-02,0,-5,晴,晴,西北风 3-4级,西北风 3-4级
2022-02-03,1,-7,晴,晴,北风 3-4级,北风 3-4级
2022-02-04,-4,-9,多云,晴,西北风 4-5级,西北风 4-5级
2022-02-05,0,-6,晴,晴,西北风 4-5级,西北风 4-5级
2022-02-06,0,-3,晴,多云,西北风 4-5级,西北风 4-5级
2022-02-07,3,-3,多云,晴,北风 3-4级,北风 3-4级
2022-02-08,5,-1,晴,晴,西南风 3-4级,西南风 3-4级
2022-02-09,7,1,晴,晴,西南风 3-4级,西南风 3-4级
2022-02-10,8,1,晴,晴,西南风 3-4级,西南风 3-4级
2022-02-11,7,-2,晴,晴,北风 4-5级,北风 4-5级
2022-02-12,2,-4,多云,阴,东北风 4-5级,东北风 4-5级
2022-02-13,2,-6,阴,小到中雪,东北风 4-5级,东北风 4-5级
2022-02-14,-5,-9,阵雪,晴,北风 4-5级,北风 4-5级
2022-02-15,-7,-9,多云,多云,西北风 4-5级,西北风 4-5级
2022-02-16,-6,-9,多云,晴,北风 4-5级,北风 4-5级
2022-02-17,-2,-8,晴,多云,北风 3-4级,北风 3-4级
2022-02-18,2,-6,阴,多云,西南风 4-5级,西南风 4-5级
2022-02-19,-4,-7,晴,晴,西北风 4-5级,西北风 4-5级
2022-02-20,1,-7,晴,晴,西北风 4-5级,西北风 4-5级
2022-02-21,-2,-6,晴,小雪,北风 4-5级,北风 4-5级
2022-02-22,-2,-7,晴,晴,西北风 4-5级,西北风 4-5级
2022-02-23,2,-5,晴,晴,西风 4-5级,西风 4-5级
2022-02-24,7,1,晴,晴,西南风 4-5级,西南风 4-5级
2022-02-25,9,3,晴,雨夹雪,西南风 4-5级,西南风 4-5级
2022-02-26,6,2,多云,晴,北风 4-5级,北风 4-5级
2022-02-27,10,2,晴,晴,西南风 3-4级,西南风 3-4级
2022-02-28,10,0,多云,阴,南风 4-5级,南风 4-5级
2022-03-01,5,1,晴,晴,西北风 3-4级,西北风 3-4级
2022-03-02,9,1,晴,晴,西南风 4-5级,西南风 4-5级
2022-03-03,9,2,晴,晴,东南风 4-5级,东南风 4-5级
2022-03-04,13,1,晴,晴,西北风 5-6级,西北风 5-6级
2022-03-05,4,0,晴,晴,西北风 5-6级,西北风 5-6级
2022-03-06,6,1,多云,阴,南风 4-5级,南风 4-5级
2022-03-07,10,2,多云,晴,西南风 4-5级,西南风 4-5级
2022-03-08,10,2,晴,晴,南风 3-4级,南风 3-4级
2022-03-09,9,1,多云,多云,东南风 4-5级,东南风 4-5级
2022-03-10,14,4,晴,多云,南风 4-5级,南风 4-5级
2022-03-11,10,5,多云,多云,东北风 4-5级,东北风 4-5级
2022-03-12,9,5,小到中雨,多云,南风 4-5级,南风 4-5级
2022-03-13,9,5,多云,小到中雨,东北风 4-5级,东北风 4-5级
2022-03-14,8,2,阴,多云,西北风 3-4级,西北风 3-4级
2022-03-15,13,3,多云,多云,南风 4-5级,南风 4-5级
2022-03-16,7,0,多云,多云,东北风 4-5级,东北风 4-5级
2022-03-17,5,-1,多云,多云,北风 5-6级,北风 5-6级
2022-03-18,5,-1,雨夹雪,中雪,北风 4-5级,北风 4-5级
2022-03-19,3,-2,多云,晴,北风 5-6级,北风 5-6级
2022-03-20,7,2,晴,晴,北风 3-4级,北风 3-4级
2022-03-21,9,2,多云,晴,西南风 3-4级,西南风 3-4级
2022-03-22,8,4,多云,阴,西南风 3-4级,西南风 3-4级
2022-03-23,11,5,晴,多云,西南风 4-5级,西南风 4-5级
2022-03-24,14,8,多云,阴,南风 4-5级,南风 4-5级
2022-03-25,9,6,中到大雨,小雨,东北风 4-5级,东北风 4-5级
2022-03-26,12,5,晴,多云,西北风 4-5级,西北风 4-5级
2022-03-27,10,5,晴,晴,西北风 4-5级,西北风 4-5级
2022-03-28,12,6,晴,多云,南风 4-5级,南风 4-5级
2022-03-29,12,6,多云,小雨,南风 4-5级,南风 4-5级
2022-03-30,10,4,多云,晴,北风 4-5级,北风 4-5级
2022-03-31,11,4,晴,晴,西北风 4-5级,西北风 4-5级
2022-04-01,11,4,晴,多云,西北风 3-4级,西北风 3-4级
2022-04-02,13,6,晴,晴,西风 1-2级,西风 1-2级
2022-04-03,14,8,晴,晴,西南风 4-5级,西南风 4-5级
2022-04-04,16,9,多云,晴,南风 3-4级,南风 3-4级
2022-04-05,17,5,晴,晴,北风 3-4级,北风 3-4级
2022-04-06,9,5,阵雨,晴,东北风 4-5级,东北风 4-5级
2022-04-07,14,7,晴,晴,西风 4-5级,西风 4-5级
2022-04-08,17,11,晴,多云,南风 4-5级,南风 4-5级
2022-04-09,18,9,晴,晴,南风 4-5级,南风 4-5级
2022-04-10,20,11,晴,晴,南风 4-5级,南风 4-5级
2022-04-11,20,9,多云,小到中雨,北风 5-6级,北风 5-6级
2022-04-12,15,8,阵雨,多云,北风 4-5级,北风 4-5级
2022-04-13,14,8,晴,多云,东北风 4-5级,东北风 4-5级
2022-04-14,12,8,多云,晴,东北风 4-5级,东北风 4-5级
2022-04-15,16,8,晴,晴,北风 4-5级,北风 4-5级
2022-04-16,17,10,晴,晴,西风 3-4级,西风 3-4级
2022-04-17,17,11,多云,多云,西风 4-5级,西风 4-5级
2022-04-18,20,9,多云,晴,北风 4-5级,北风 4-5级
2022-04-19,19,12,晴,晴,西南风 4-5级,西南风 4-5级
2022-04-20,21,13,晴,晴,南风 4-5级,南风 4-5级
2022-04-21,20,11,多云,阵雨,南风 4-5级,南风 4-5级
2022-04-22,17,10,晴,晴,北风 3-4级,北风 3-4级
2022-04-23,19,12,晴,多云,南风 4-5级,南风 4-5级
2022-04-24,20,10,多云,多云,东风 3-4级,东风 3-4级
2022-04-25,17,11,多云,阵雨,南风 4-5级,南风 4-5级
2022-04-26,21,11,雷阵雨,晴,北风 4-5级,北风 4-5级
2022-04-27,17,11,晴,阴,北风 3-4级,北风 3-4级
2022-04-28,15,9,阵雨,多云,北风 4-5级,北风 4-5级
2022-04-29,17,10,晴,多云,西南风 3-4级,西南风 3-4级
2022-04-30,17,11,多云,晴,西北风 4-5级,西北风 4-5级
2022-05-01,20,10,晴,晴,西北风 3-4级,西北风 3-4级
2022-05-02,19,11,晴,晴,南风 4-5级,南风 4-5级
2022-05-03,23,15,晴,晴,西南风 4-5级,西南风 4-5级
2022-05-04,25,15,晴,晴,西南风 4-5级,西南风 4-5级
2022-05-05,23,14,晴,多云,南风 4-5级,南风 4-5级
2022-05-06,18,12,阵雨,多云,北风 4-5级,北风 4-5级
2022-05-07,18,12,晴,多云,北风 4-5级,北风 4-5级
2022-05-08,15,10,阵雨,多云,北风 3-4级,北风 3-4级
2022-05-09,17,11,晴,多云,北风 3-4级,北风 3-4级
2022-05-10,16,11,多云,阴,南风 3-4级,南风 3-4级
2022-05-11,18,12,多云,阴,北风 3-4级,北风 3-4级
2022-05-12,19,12,多云,多云,西北风 3-4级,西北风 3-4级
2022-05-13,20,13,多云,晴,西风 4-5级,西风 4-5级
2022-05-14,20,12,晴,晴,西北风 4-5级,西北风 4-5级
2022-05-15,21,14,晴,晴,西南风 3-4级,西南风 3-4级
2022-05-16,23,13,晴,晴,西风 3-4级,西风 3-4级
2022-05-17,20,13,晴,多云,南风 3-4级,南风 3-4级
2022-05-18,24,13,晴,晴,北风 3-4级,北风 3-4级
2022-05-19,22,15,晴,多云,南风 3-4级,南风 3-4级
2022-05-20,24,16,晴,晴,南风 3-4级,南风 3-4级
2022-05-21,25,18,晴,晴,西南风 4-5级,西南风 4-5级
2022-05-22,28,16,晴,晴,西风 3-4级,西风 3-4级
2022-05-23,29,18,晴,晴,西南风 4-5级,西南风 4-5级
2022-05-24,28,15,晴,雷阵雨,南风 4-5级,南风 4-5级
2022-05-25,23,15,多云,晴,北风 4-5级,北风 4-5级
2022-05-26,25,16,多云,多云,西北风 4-5级,西北风 4-5级
2022-05-27,26,18,晴,多云,西南风 4-5级,西南风 4-5级
2022-05-28,28,18,晴,多云,西南风 4-5级,西南风 4-5级
2022-05-29,26,16,雷阵雨,中雨,南风 4-5级,南风 4-5级
2022-05-30,25,17,晴,晴,西北风 4-5级,西北风 4-5级
2022-05-31,26,16,多云,雷阵雨,西南风 4-5级,西南风 4-5级
2022-06-01,25,17,晴,晴,南风 3-4级,南风 3-4级
2022-06-02,28,16,晴,多云,东南风 3-4级,东南风 3-4级
2022-06-03,24,19,多云,多云,东南风 4-5级,东南风 4-5级
2022-06-04,22,17,多云,阴,东南风 4-5级,东南风 4-5级
2022-06-05,21,17,多云,阴,东南风 4-5级,东南风 4-5级
2022-06-06,21,16,雷阵雨,阵雨,东北风 4-5级,东北风 4-5级
2022-06-07,21,15,多云,多云,东北风 3-4级,东北风 3-4级
2022-06-08,20,17,多云,多云,东风 3-4级,东风 3-4级
2022-06-09,22,18,多云,小到中雨,东南风 4-5级,东南风 4-5级
2022-06-10,22,17,雷阵雨,多云,东南风 4-5级,东南风 4-5级
2022-06-11,23,18,多云,多云,东南风 4-5级,东南风 4-5级
2022-06-12,23,18,雷阵雨,阴,南风 4-5级,南风 4-5级
2022-06-13,23,18,雷阵雨,雷阵雨,东南风 4-5级,东南风 4-5级
2022-06-14,21,17,中雨,中到大雨,东南风 4-5级,东南风 4-5级
2022-06-15,21,17,阵雨,晴,东风 3-4级,东风 3-4级
2022-06-16,26,19,晴,多云,南风 3-4级,南风 3-4级
2022-06-17,23,19,多云,多云,东南风 4-5级,东南风 4-5级
2022-06-18,23,19,阴,多云,东南风 4-5级,东南风 4-5级
2022-06-19,24,19,多云,阴,东风 3-4级,东风 3-4级
2022-06-20,25,20,多云,多云,东南风 3-4级,东南风 3-4级
2022-06-21,26,20,多云,多云,南风 3-4级,南风 3-4级
2022-06-22,25,20,多云,中到大雨,东南风 4-5级,东南风 4-5级
2022-06-23,27,21,雷阵雨,晴,西北风 4-5级,西北风 4-5级
2022-06-24,30,22,晴,多云,西北风 4-5级,西北风 4-5级
2022-06-25,30,20,多云,雷阵雨,西南风 4-5级,西南风 4-5级
2022-06-26,30,21,多云,中到大雨,东风 4-5级,东风 4-5级
2022-06-27,26,21,大到暴雨,小雨,东南风 5-6级,东南风 5-6级
2022-06-28,27,21,阴,多云,北风 3-4级,北风 3-4级
2022-06-29,27,21,多云,阵雨,西北风 3-4级,西北风 3-4级
2022-06-30,26,21,多云,雷阵雨,东风 3-4级,东风 3-4级
2022-07-01,26,21,多云,雷阵雨,南风 4-5级,南风 4-5级
2022-07-02,27,22,阴,阴,南风 4-5级,南风 4-5级
2022-07-03,26,22,多云,多云,东南风 3-4级,东南风 3-4级
2022-07-04,26,22,多云,多云,东南风 3-4级,东南风 3-4级
2022-07-05,27,22,多云,雷阵雨,东南风 3-4级,东南风 3-4级
2022-07-06,26,22,大雨,暴雨,东南风 4-5级,东南风 4-5级
2022-07-07,28,23,阵雨,多云,南风 4-5级,南风 4-5级
2022-07-08,31,23,晴,多云,西南风 3-4级,西南风 3-4级
2022-07-09,31,23,晴,晴,西南风 3-4级,西南风 3-4级
2022-07-10,27,22,雷阵雨,多云,东风 3-4级,东风 3-4级
2022-07-11,26,22,多云,多云,东风 3-4级,东风 3-4级
2022-07-12,26,22,雷阵雨,大雨,东南风 4-5级,东南风 4-5级
2022-07-13,28,22,阴,多云,北风 4-5级,北风 4-5级
2022-07-14,29,22,晴,晴,南风 3-4级,南风 3-4级
2022-07-15,30,23,晴,晴,西北风 4-5级,西北风 4-5级
2022-07-16,30,23,晴,晴,北风 3-4级,北风 3-4级
2022-07-17,30,23,多云,多云,南风 3-4级,南风 3-4级
2022-07-18,30,23,多云,晴,西北风 3-4级,西北风 3-4级
2022-07-19,31,23,晴,多云,西南风 3-4级,西南风 3-4级
2022-07-20,29,22,阵雨,雷阵雨,西南风 3-4级,西南风 3-4级
2022-07-21,29,22,阵雨,多云,西风 3-4级,西风 3-4级
2022-07-22,29,23,晴,雷阵雨,北风 3-4级,北风 3-4级
2022-07-23,27,21,雷阵雨,多云,东南风 3-4级,东南风 3-4级
2022-07-24,29,23,晴,晴,西南风 3-4级,西南风 3-4级
2022-07-25,30,23,晴,晴,南风 3-4级,南风 3-4级
2022-07-26,28,23,晴,晴,东南风 3-4级,东南风 3-4级
2022-07-27,29,24,多云,多云,东南风 3-4级,东南风 3-4级
2022-07-28,28,24,雷阵雨,小到中雨,东南风 4-5级,东南风 4-5级
2022-07-29,28,24,中雨,小雨,南风 4-5级,南风 4-5级
2022-07-30,29,24,阴,多云,东南风 3-4级,东南风 3-4级
2022-07-31,28,24,多云,多云,东风 3-4级,东风 3-4级
2022-08-01,30,25,多云,多云,东北风 3-4级,东北风 3-4级
2022-08-02,31,26,多云,多云,北风 3-4级,北风 3-4级
2022-08-03,32,26,晴,晴,西南风 3-4级,西南风 3-4级
2022-08-04,32,26,多云,雷阵雨,西南风 3-4级,西南风 3-4级
2022-08-05,31,25,多云,多云,西南风 3-4级,西南风 3-4级
2022-08-06,31,25,多云,多云,南风 3-4级,南风 3-4级
2022-08-07,29,24,中到大雨,小到中雨,西南风 4-5级,西南风 4-5级
2022-08-08,30,23,多云,多云,东北风 4-5级,东北风 4-5级
2022-08-09,27,21,小雨,多云,东北风 3-4级,东北风 3-4级
2022-08-10,28,22,晴,多云,西南风 3-4级,西南风 3-4级
2022-08-11,29,23,多云,晴,西南风 3-4级,西南风 3-4级
2022-08-12,29,24,多云,雷阵雨,东南风 3-4级,东南风 3-4级
2022-08-13,29,24,多云,多云,东风 3-4级,东风 3-4级
2022-08-14,30,26,小到中雨,大雨,东南风 4-5级,东南风 4-5级
2022-08-15,29,22,雷阵雨,晴,西北风 4-5级,西北风 4-5级
2022-08-16,28,23,晴,多云,北风 4-5级,北风 4-5级
2022-08-17,29,22,晴,晴,北风 3-4级,北风 3-4级
2022-08-18,28,24,雷阵雨,大雨,南风 5-6级,南风 5-6级
2022-08-19,30,22,多云,晴,西风 4-5级,西风 4-5级
2022-08-20,28,20,晴,晴,北风 3-4级,北风 3-4级
2022-08-21,28,23,多云,中雨,南风 4-5级,南风 4-5级
2022-08-22,26,21,中到大雨,多云,北风 4-5级,北风 4-5级
2022-08-23,26,20,晴,晴,北风 4-5级,北风 4-5级
2022-08-24,28,22,晴,多云,北风 3-4级,北风 3-4级
2022-08-25,27,20,多云,晴,西风 4-5级,西风 4-5级
2022-08-26,28,18,雷阵雨,晴,北风 4-5级,北风 4-5级
2022-08-27,25,19,晴,晴,北风 4-5级,北风 4-5级
2022-08-28,24,18,多云,阵雨,南风 3-4级,南风 3-4级
2022-08-29,23,18,小雨,阴,南风 4-5级,南风 4-5级
2022-08-30,24,19,多云,晴,东北风 3-4级,东北风 3-4级
2022-08-31,26,18,晴,晴,西北风 4-5级,西北风 4-5级
2022-09-01,25,16,晴,晴,北风 4-5级,北风 4-5级
2022-09-02,26,18,晴,晴,东北风 3-4级,东北风 3-4级
2022-09-03,25,21,多云,小雨,东风 4-5级,东风 4-5级
2022-09-04,25,18,小到中雨,多云,东北风 4-5级,东北风 4-5级
2022-09-05,25,17,雷阵雨,多云,北风 4-5级,北风 4-5级
2022-09-06,26,19,晴,晴,西风 4-5级,西风 4-5级
2022-09-07,28,20,晴,晴,西风 3-4级,西风 3-4级
2022-09-08,28,19,晴,晴,西南风 3-4级,西南风 3-4级
2022-09-09,27,20,晴,晴,南风 3-4级,南风 3-4级
2022-09-10,27,20,多云,多云,东南风 3-4级,东南风 3-4级
2022-09-11,25,20,晴,晴,东南风 3-4级,东南风 3-4级
2022-09-12,26,19,晴,晴,东南风 3-4级,东南风 3-4级
2022-09-13,27,20,晴,多云,东北风 4-5级,东北风 4-5级
2022-09-14,25,19,小到中雨,大雨,东风 4-5级,东风 4-5级
2022-09-15,23,20,暴雨,暴雨,东风 5-6级,东风 5-6级
2022-09-16,23,18,暴雨,多云,北风 5-6级,北风 5-6级
2022-09-17,26,21,晴,晴,西南风 4-5级,西南风 4-5级
2022-09-18,26,17,晴,晴,北风 5-6级,北风 5-6级
2022-09-19,21,14,晴,晴,北风 5-6级,北风 5-6级
2022-09-20,21,14,晴,晴,北风 4-5级,北风 4-5级
2022-09-21,23,18,晴,多云,南风 4-5级,南风 4-5级
2022-09-22,23,12,雷阵雨,雷阵雨,西南风 5-6级,西南风 5-6级
2022-09-23,21,15,多云,晴,西北风 5-6级,西北风 5-6级
2022-09-24,23,18,晴,晴,西风 3-4级,西风 3-4级
2022-09-25,23,18,晴,晴,西南风 4-5级,西南风 4-5级
2022-09-26,24,17,晴,晴,西南风 3-4级,西南风 3-4级
2022-09-27,24,17,晴,晴,南风 3-4级,南风 3-4级
2022-09-28,23,18,晴,晴,南风 3-4级,南风 3-4级
2022-09-29,24,19,晴,晴,南风 3-4级,南风 3-4级
2022-09-30,25,19,晴,晴,南风 3-4级,南风 3-4级
2022-10-01,23,17,多云,阵雨,南风 4-5级,南风 4-5级
2022-10-02,21,16,小到中雨,多云,东风 4-5级,东风 4-5级
2022-10-03,20,9,小到中雨,阴,北风 5-6级,北风 5-6级
2022-10-04,12,8,晴,晴,北风 6-7级,北风 6-7级
2022-10-05,13,9,晴,多云,北风 4-5级,北风 4-5级
2022-10-06,16,11,多云,晴,西风 3-4级,西风 3-4级
2022-10-07,18,13,晴,晴,西南风 3-4级,西南风 3-4级
2022-10-08,19,13,多云,中到大雨,南风 4-5级,南风 4-5级
2022-10-09,15,7,中雨,雷阵雨,西北风 5-6级,西北风 5-6级
2022-10-10,13,8,阴,晴,西北风 5-6级,西北风 5-6级
2022-10-11,17,11,晴,晴,西北风 3-4级,西北风 3-4级
2022-10-12,18,13,晴,多云,西南风 3-4级,西南风 3-4级
2022-10-13,18,13,多云,多云,西南风 3-4级,西南风 3-4级
2022-10-14,18,12,多云,多云,西南风 3-4级,西南风 3-4级
2022-10-15,19,11,多云,阴,西南风 3-4级,西南风 3-4级
2022-10-16,14,9,多云,晴,北风 4-5级,北风 4-5级
2022-10-17,13,7,晴,晴,西北风 4-5级,西北风 4-5级
2022-10-18,15,10,晴,晴,西北风 3-4级,西北风 3-4级
2022-10-19,18,13,晴,晴,西南风 4-5级,西南风 4-5级
2022-10-20,17,14,多云,多云,西南风 4-5级,西南风 4-5级
2022-10-21,19,13,晴,多云,西南风 4-5级,西南风 4-5级
2022-10-22,17,9,晴,晴,北风 4-5级,北风 4-5级
2022-10-23,18,8,多云,晴,北风 4-5级,北风 4-5级
2022-10-24,16,11,晴,晴,南风 4-5级,南风 4-5级
2022-10-25,18,14,晴,多云,南风 4-5级,南风 4-5级
2022-10-26,17,9,阴,阴,南风 4-5级,南风 4-5级
2022-10-27,14,6,晴,晴,北风 4-5级,北风 4-5级
2022-10-28,12,6,晴,晴,北风 4-5级,北风 4-5级
2022-10-29,13,7,晴,晴,北风 3-4级,北风 3-4级
2022-10-30,15,11,多云,阵雨,南风 3-4级,南风 3-4级
2022-10-31,16,8,阴,晴,西南风 4-5级,西南风 4-5级
2022-11-01,12,6,晴,晴,北风 4-5级,北风 4-5级
2022-11-02,13,2,小雨,小到中雨,南风 4-5级,南风 4-5级
2022-11-03,7,3,多云,晴,北风 4-5级,北风 4-5级
2022-11-04,11,6,晴,晴,西北风 4-5级,西北风 4-5级
2022-11-05,14,8,晴,晴,西风 4-5级,西风 4-5级
2022-11-06,16,10,阴,小雨,西南风 4-5级,西南风 4-5级
2022-11-07,16,6,多云,晴,北风 3-4级,北风 3-4级
2022-11-08,15,9,晴,多云,西南风 3-4级,西南风 3-4级
2022-11-09,16,12,多云,阵雨,西南风 3-4级,南风 3-4级
2022-11-10,16,14,阵雨,多云,东南风 3-4级,南风 3-4级
2022-11-11,16,14,阴,小雨,南风 3-4级,南风 4-5级
2022-11-12,16,2,中雨,多云,北风 6-7级,北风 5-6级
2022-11-13,6,2,晴,多云,北风 5-6级,西北风 4-5级
2022-11-14,12,7,晴,晴,西风 4-5级,西风 4-5级
2022-11-15,13,5,晴,晴,西北风 3-4级,西风 3-4级
2022-11-16,14,9,晴,晴,西南风 3-4级,西南风 4-5级
2022-11-17,16,8,晴,多云,西南风 3-4级,西南风 3-4级
2022-11-18,13,9,多云,多云,东风 3-4级,南风 3-4级
2022-11-19,15,8,多云,多云,西南风 3-4级,东北风 3-4级
2022-11-20,12,6,多云,多云,东北风 3-4级,东北风 4-5级
2022-11-21,10,3,多云,晴,东北风 4-5级,东北风 4-5级
2022-11-22,8,4,多云,多云,北风 3-4级,西风 3-4级
2022-11-23,13,7,晴,多云,西风 3-4级,南风 3-4级
2022-11-24,15,11,多云,多云,西南风 4-5级,西南风 4-5级
2022-11-25,16,2,阴,晴,西南风 4-5级,西北风 4-5级
2022-11-26,10,1,晴,多云,北风 4-5级,南风 4-5级
2022-11-27,13,9,小到中雨,中到大雨,南风 4-5级,南风 4-5级
2022-11-28,12,-3,小雨,多云,北风 4-5级,北风 5-6级
2022-11-29,-2,-7,阴,阵雪,北风 5-6级,北风 5-6级
2022-11-30,-1,-9,阵雪,多云,西北风 4-5级,西北风 4-5级
2022-12-01,0,-3,多云,多云,西北风 4-5级,西风 4-5级
2022-12-02,5,-1,多云,多云,西南风 4-5级,北风 4-5级
2022-12-03,0,-6,多云,多云,北风 4-5级,北风 4-5级
2022-12-04,1,-6,晴,晴,北风 3-4级,西北风 3-4级
2022-12-05,4,0,晴,晴,西风 4-5级,西风 4-5级
2022-12-06,5,2,晴,晴,西北风 4-5级,西北风 4-5级
2022-12-07,6,2,晴,晴,西北风 4-5级,西风 3-4级
2022-12-08,9,1,晴,晴,东风 3-4级,北风 3-4级
2022-12-09,7,0,多云,阵雪,北风 3-4级,北风 4-5级
2022-12-10,2,-3,中到大雪,晴,北风 4-5级,北风 4-5级
2022-12-11,4,-3,多云,多云,北风 3-4级,西南风 4-5级
2022-12-12,5,-1,多云,晴,西北风 4-5级,西北风 4-5级
2022-12-13,1,-7,阵雪,多云,西北风 5-6级,西北风 5-6级
2022-12-14,2,-6,多云,阵雪,西北风 4-5级,西南风 4-5级
2022-12-15,-2,-8,多云,晴,北风 4-5级,北风 4-5级
2022-12-16,-3,-9,多云,阵雪,西北风 4-5级,西北风 4-5级
2022-12-17,-7,-10,阵雪,阵雪,西北风 4-5级,西北风 4-5级
2022-12-18,-2,-10,多云,多云,西北风 4-5级,西北风 3-4级
2022-12-19,3,-4,晴,晴,北风 3-4级,南风 3-4级
2022-12-20,7,-1,多云,多云,西南风 4-5级,西北风 4-5级
2022-12-21,-1,-8,晴,多云,北风 4-5级,北风 4-5级
2022-12-22,-7,-10,阵雪,多云,北风 5-6级,北风 5-6级
2022-12-23,-5,-10,阴,多云,北风 5-6级,北风 5-6级
2022-12-24,-2,-6,多云,晴,北风 4-5级,北风 4-5级
2022-12-25,-2,-5,晴,晴,北风 4-5级,北风 3-4级
2022-12-26,0,-5,晴,晴,北风 3-4级,北风 3-4级
2022-12-27,3,-6,多云,多云,西北风 4-5级,西北风 4-5级
2022-12-28,0,-4,晴,晴,西北风 4-5级,西北风 3-4级
2022-12-29,0,-5,晴,晴,西北风 4-5级,西北风 3-4级
2022-12-30,3,-2,晴,晴,西南风 4-5级,西南风 4-5级
2022-12-31,5,-4,晴,晴,西风 3-4级,北风 3-4级
2023-01-01,0,-5,晴,晴,北风 4-5级,北风 3-4级
2023-01-02,-1,-5,晴,晴,北风 3-4级,西北风 3-4级
2023-01-03,2,-5,晴,晴,西北风 3-4级,东风 3-4级
2023-01-04,2,-3,晴,晴,东南风 3-4级,南风 3-4级
2023-01-05,6,0,晴,多云,西南风 3-4级,西南风 3-4级
2023-01-06,6,-4,阴,晴,西北风 4-5级,西北风 4-5级
2023-01-07,4,-3,晴,多云,西南风 3-4级,南风 3-4级
2023-01-08,8,-2,晴,晴,南风 4-5级,北风 4-5级
2023-01-09,2,-3,晴,晴,北风 4-5级,北风 3-4级
2023-01-10,6,-1,晴,晴,西南风 3-4级,西南风 3-4级
2023-01-11,7,3,多云,多云,南风 3-4级,东南风 3-4级
2023-01-12,9,5,小雨,小到中雨,东南风 3-4级,东北风 3-4级
2023-01-13,4,-8,阴,多云,北风 5-6级,北风 5-6级
2023-01-14,-7,-11,多云,晴,北风 5-6级,北风 5-6级
2023-01-15,-6,-11,晴,晴,北风 4-5级,北风 4-5级
2023-01-16,0,-9,晴,多云,北风 3-4级,西风 4-5级
2023-01-17,3,-6,晴,晴,西风 4-5级,南风 3-4级
2023-01-18,4,-3,晴,晴,西南风 4-5级,西南风 4-5级
2023-01-19,5,-9,晴,晴,西风 4-5级,西北风 5-6级
2023-01-20,-2,-9,晴,晴,北风 4-5级,南风 3-4级
2023-01-21,4,-2,晴,多云,南风 4-5级,北风 3-4级
2023-01-22,3,-12,多云,晴,北风 4-5级,北风 4-5级
2023-01-23,-12,-15,多云,阵雪,北风 4-5级,北风 4-5级
2023-01-24,-8,-16,阵雪,多云,北风 4-5级,西北风 4-5级
2023-01-25,-2,-8,晴,晴,西南风 4-5级,西南风 4-5级
2023-01-26,-1,-9,多云,晴,北风 4-5级,北风 4-5级
2023-01-27,-4,-5,晴,晴,西北风 4-5级,西北风 4-5级
2023-01-28,2,-4,晴,晴,西北风 3-4级,西风 3-4级
2023-01-29,3,-2,晴,晴,西北风 4-5级,西南风 3-4级
2023-01-30,7,1,晴,晴,南风 3-4级,南风 4-5级
2023-01-31,6,-2,晴,晴,西北风 3-4级,北风 5-6级
2023-02-01,0,-5,晴,晴,北风 5-6级,北风 4-5级
2023-02-02,-1,-6,多云,多云,北风 3-4级,西南风 3-4级
2023-02-03,4,-3,晴,晴,西南风 3-4级,北风 3-4级
2023-02-04,4,-1,晴,晴,西南风 3-4级,西南风 3-4级
2023-02-05,8,0,多云,晴,西南风 4-5级,西南风 3-4级
2023-02-06,5,-2,多云,晴,东北风 4-5级,东北风 3-4级
2023-02-07,4,-2,晴,晴,东北风 3-4级,东北风 3-4级
2023-02-08,3,-2,晴,多云,北风 3-4级,东北风 3-4级
2023-02-09,3,0,多云,阴,东风 3-4级,西风 3-4级
2023-02-10,5,0,多云,多云,西风 3-4级,西南风 3-4级
2023-02-11,7,0,多云,多云,南风 3-4级,东北风 4-5级
2023-02-12,4,-4,雨夹雪,多云,北风 4-5级,北风 4-5级
2023-02-13,-1,-4,晴,晴,北风 4-5级,北风 4-5级
2023-02-14,0,-7,晴,晴,北风 4-5级,北风 4-5级
2023-02-15,0,-6,晴,晴,北风 4-5级,西南风 3-4级
2023-02-16,6,0,晴,晴,西南风 3-4级,西南风 3-4级
2023-02-17,7,2,多云,多云,南风 3-4级,南风 3-4级
2023-02-18,6,-2,小雨,小雪,南风 3-4级,西北风 4-5级
2023-02-19,5,-4,晴,晴,西北风 4-5级,北风 4-5级
2023-02-20,0,-5,晴,晴,北风 4-5级,北风 3-4级
2023-02-21,1,-4,晴,多云,北风 3-4级,西南风 3-4级
2023-02-22,6,1,多云,晴,西南风 4-5级,西南风 3-4级
2023-02-23,7,-2,多云,多云,东南风 3-4级,北风 4-5级
2023-02-24,1,-2,晴,晴,北风 4-5级,北风 4-5级
2023-02-25,4,0,晴,晴,西北风 3-4级,西风 3-4级
2023-02-26,8,2,晴,晴,西南风 3-4级,西南风 3-4级
2023-02-27,10,3,晴,多云,南风 4-5级,西南风 4-5级
2023-02-28,9,0,多云,晴,西南风 4-5级,北风 3-4级
2023-03-01,9,-2,多云,晴,西北风 4-5级,西北风 4-5级
2023-03-02,8,1,晴,晴,西南风 4-5级,西南风 4-5级
2023-03-03,11,2,晴,晴,西南风 3-4级,东北风 3-4级
2023-03-04,9,3,晴,多云,东风 3-4级,东南风 3-4级
2023-03-05,12,3,多云,多云,南风 4-5级,南风 4-5级
2023-03-06,15,3,多云,晴,南风 4-5级,东北风 3-4级
2023-03-07,11,4,多云,阴,南风 4-5级,东北风 4-5级
2023-03-08,10,3,阴,多云,东北风 4-5级,西南风 3-4级
2023-03-09,13,5,晴,晴,西南风 3-4级,东南风 4-5级
2023-03-10,13,4,多云,阴,东南风 4-5级,北风 4-5级
2023-03-11,11,1,阴,多云,北风 4-5级,北风 5-6级
2023-03-12,4,-2,晴,晴,北风 5-6级,西南风 3-4级
2023-03-13,11,4,多云,多云,南风 4-5级,南风 4-5级
2023-03-14,13,4,多云,多云,南风 4-5级,北风 4-5级
2023-03-15,7,2,晴,晴,西北风 4-5级,北风 3-4级
2023-03-16,7,1,晴,多云,西北风 3-4级,南风 3-4级
2023-03-17,7,3,多云,多云,西南风 3-4级,西风 3-4级
2023-03-18,9,3,晴,晴,西风 3-4级,西南风 3-4级
2023-03-19,12,6,多云,多云,西南风 3-4级,南风 4-5级
2023-03-20,12,5,阴,晴,南风 4-5级,南风 4-5级
2023-03-21,12,7,晴,多云,南风 4-5级,南风 4-5级
2023-03-22,14,6,多云,晴,北风 3-4级,北风 4-5级
2023-03-23,10,2,晴,晴,北风 4-5级,北风 4-5级
2023-03-24,7,2,晴,晴,北风 4-5级,北风 3-4级
2023-03-25,9,2,多云,晴,北风 3-4级,北风 3-4级
2023-03-26,9,3,晴,阴,北风 4-5级,南风 3-4级
2023-03-27,13,3,多云,晴,南风 3-4级,北风 3-4级
2023-03-28,12,6,晴,阴,东南风 3-4级,南风 4-5级
2023-03-29,16,8,多云,晴,西南风 4-5级,西南风 3-4级
2023-03-30,19,9,晴,晴,西南风 3-4级,西南风 3-4级
2023-03-31,16,8,晴,晴,南风 3-4级,南风 3-4级
2023-04-01,17,9,晴,晴,南风 3-4级,东南风 3-4级
2023-04-02,18,8,晴,晴,东南风 3-4级,东南风 3-4级
2023-04-03,17,9,多云,阴,东风 3-4级,东北风 4-5级
2023-04-04,13,9,中雨,中到大雨,东北风 5-6级,东北风 5-6级
2023-04-05,12,7,小雨,多云,北风 5-6级,北风 4-5级
2023-04-06,14,6,多云,晴,西风 3-4级,北风 4-5级
2023-04-07,10,6,晴,晴,西北风 4-5级,西风 4-5级
2023-04-08,15,8,晴,晴,西风 4-5级,西南风 4-5级
2023-04-09,18,11,晴,多云,西南风 4-5级,西南风 4-5级
2023-04-10,20,12,多云,多云,西南风 4-5级,西北风 5-6级
2023-04-11,16,7,晴,晴,西北风 5-6级,西风 3-4级
2023-04-12,17,10,多云,阴,西南风 4-5级,西南风 4-5级
2023-04-13,18,9,多云,多云,西南风 4-5级,东北风 3-4级
2023-04-14,15,8,多云,多云,东北风 4-5级,西北风 3-4级
2023-04-15,16,8,晴,晴,西南风 3-4级,西北风 3-4级
2023-04-16,16,8,晴,多云,北风 4-5级,南风 3-4级
2023-04-17,14,8,雷阵雨,雷阵雨,东南风 4-5级,东南风 4-5级
2023-04-18,17,8,晴,晴,东北风 3-4级,西南风 3-4级
2023-04-19,17,9,晴,多云,南风 4-5级,南风 4-5级
2023-04-20,19,12,多云,多云,东北风 4-5级,东北风 4-5级
2023-04-21,17,10,多云,多云,东北风 4-5级,北风 3-4级
2023-04-22,16,9,多云,多云,北风 4-5级,北风 3-4级
2023-04-23,17,10,多云,多云,东北风 4-5级,东北风 3-4级
2023-04-24,16,9,晴,多云,东北风 3-4级,西南风 3-4级
2023-04-25,15,8,小雨,多云,西南风 4-5级,北风 4-5级
2023-04-26,16,9,晴,阴,西北风 4-5级,南风 4-5级
2023-04-27,19,12,多云,多云,南风 4-5级,南风 4-5级
2023-04-28,17,9,阴,雷阵雨,南风 4-5级,西北风 4-5级
2023-04-29,16,8,多云,晴,西北风 5-6级,西风 4-5级
2023-04-30,20,11,晴,多云,北风 4-5级,西南风 3-4级
2023-05-01,20,12,晴,多云,南风 3-4级,南风 4-5级
2023-05-02,21,12,多云,晴,南风 4-5级,南风 4-5级
2023-05-03,19,13,多云,阴,东南风 4-5级,东南风 4-5级
2023-05-04,15,13,中雨,大雨,东风 4-5级,东北风 4-5级
2023-05-05,18,13,小雨,多云,北风 5-6级,北风 5-6级
2023-05-06,21,13,晴,晴,北风 4-5级,北风 3-4级
2023-05-07,22,12,晴,晴,北风 4-5级,北风 3-4级
2023-05-08,22,14,晴,晴,西风 3-4级,西风 3-4级
2023-05-09,24,15,晴,晴,北风 3-4级,西南风 3-4级
2023-05-10,24,14,晴,晴,西南风 3-4级,东风 3-4级
2023-05-11,24,14,多云,多云,东南风 3-4级,西南风 3-4级
2023-05-12,23,13,晴,雷阵雨,南风 4-5级,南风 4-5级
2023-05-13,21,13,多云,晴,南风 3-4级,东南风 3-4级
2023-05-14,22,12,晴,多云,东南风 4-5级,南风 4-5级
2023-05-15,20,13,晴,晴,南风 4-5级,南风 4-5级
2023-05-16,27,15,晴,多云,南风 4-5级,南风 4-5级
2023-05-17,22,15,阴,中雨,北风 1-2级,东北风 1-2级
2023-05-18,23,13,晴,多云,东北风 3-4级,东南风 3-4级
2023-05-19,22,14,多云,雷阵雨,东南风 4-5级,南风 4-5级
2023-05-20,23,15,多云,晴,西风 4-5级,西风 4-5级
2023-05-21,22,15,晴,晴,西北风 4-5级,北风 3-4级
2023-05-22,25,15,晴,晴,西风 3-4级,西风 3-4级
2023-05-23,26,16,晴,晴,西北风 3-4级,南风 3-4级
2023-05-24,24,16,晴,晴,南风 4-5级,南风 4-5级
2023-05-25,21,15,多云,多云,南风 4-5级,南风 4-5级
2023-05-26,23,16,晴,多云,南风 3-4级,东南风 3-4级
2023-05-27,19,16,小雨,小到中雨,东风 4-5级,东北风 4-5级
2023-05-28,22,16,多云,多云,东北风 3-4级,东北风 3-4级
2023-05-29,29,17,晴,晴,北风 4-5级,东北风 4-5级
2023-05-30,24,16,多云,晴,东北风 3-4级,东南风 3-4级
2023-05-31,25,18,晴,多云,西南风 4-5级,西南风 4-5级
2023-06-01,25,17,多云,多云,西南风 4-5级,北风 4-5级
2023-06-02,28,18,晴,晴,北风 4-5级,西风 3-4级
2023-06-03,27,18,晴,多云,西风 4-5级,西风 3-4级
2023-06-04,27,19,晴,晴,西风 4-5级,西南风 4-5级
2023-06-05,28,19,晴,晴,西南风 4-5级,西南风 4-5级
2023-06-06,28,18,晴,晴,北风 4-5级,西南风 3-4级
2023-06-07,30,18,多云,雷阵雨,西南风 4-5级,东北风 4-5级
2023-06-08,28,19,多云,多云,北风 4-5级,西南风 3-4级
2023-06-09,28,18,晴,多云,西南风 4-5级,南风 3-4级
2023-06-10,25,18,多云,多云,东风 3-4级,东北风 3-4级
2023-06-11,25,16,多云,多云,东风 3-4级,西风 3-4级
2023-06-12,23,17,多云,雷阵雨,西南风 3-4级,西风 3-4级
2023-06-13,25,17,多云,多云,西南风 3-4级,西北风 3-4级
2023-06-14,27,19,晴,晴,西南风 3-4级,南风 3-4级
2023-06-15,28,20,晴,晴,南风 3-4级,南风 4-5级
2023-06-16,30,21,晴,晴,南风 4-5级,南风 3-4级
2023-06-17,26,19,晴,晴,南风 3-4级,东南风 3-4级
2023-06-18,27,19,晴,多云,南风 3-4级,东风 3-4级
2023-06-19,26,19,多云,阵雨,东南风 3-4级,东南风 3-4级
2023-06-20,25,19,阴,阴,东南风 4-5级,南风 3-4级
2023-06-21,26,20,多云,晴,西南风 3-4级,西北风 3-4级
2023-06-22,29,20,晴,晴,北风 3-4级,南风 3-4级
2023-06-23,28,21,晴,晴,东南风 3-4级,东南风 3-4级
2023-06-24,29,21,晴,晴,东南风 4-5级,东南风 3-4级
2023-06-25,26,22,多云,雷阵雨,东南风 3-4级,东北风 3-4级
2023-06-26,25,20,中雨,多云,东北风 4-5级,东北风 4-5级
2023-06-27,29,22,多云,晴,西南风 4-5级,西南风 4-5级
2023-06-28,27,22,多云,大雨,南风 4-5级,南风 4-5级
2023-06-29,27,21,阴,晴,东北风 4-5级,西北风 3-4级
2023-06-30,29,20,晴,晴,西南风 4-5级,西南风 4-5级
2023-07-01,30,23,晴,多云,西南风 4-5级,南风 3-4级
2023-07-02,28,22,晴,多云,南风 3-4级,东南风 3-4级
2023-07-03,27,22,多云,小雨,东南风 3-4级,东南风 3-4级
2023-07-04,26,22,中到大雨,多云,东南风 3-4级,西北风 4-5级
2023-07-05,30,23,晴,晴,西南风 4-5级,西南风 4-5级
2023-07-06,31,23,晴,多云,西南风 4-5级,西南风 4-5级
2023-07-07,29,21,多云,小到中雨,东南风 4-5级,东南风 4-5级
2023-07-08,27,22,多云,多云,东南风 4-5级,东南风 3-4级
2023-07-09,27,22,多云,多云,东南风 3-4级,东南风 3-4级
2023-07-10,28,22,多云,雷阵雨,东南风 3-4级,东风 3-4级
2023-07-11,30,22,阴,多云,东北风 4-5级,东北风 3-4级
2023-07-12,28,23,雷阵雨,小到中雨,东风 3-4级,东南风 4-5级
2023-07-13,27,24,小雨,多云,东风 4-5级,西北风 3-4级
2023-07-14,30,24,多云,多云,西南风 4-5级,西北风 4-5级
2023-07-15,29,23,多云,多云,西北风 4-5级,西风 3-4级
2023-07-16,30,22,多云,晴,西北风 3-4级,西北风 3-4级
2023-07-17,30,22,晴,晴,南风 3-4级,南风 3-4级
2023-07-18,30,23,晴,晴,西南风 3-4级,西南风 3-4级
2023-07-19,31,23,晴,晴,西南风 3-4级,西南风 3-4级
2023-07-20,31,23,晴,晴,西南风 3-4级,南风 3-4级
2023-07-21,29,23,多云,小到中雨,东南风 4-5级,东南风 4-5级
2023-07-22,27,23,大雨,多云,东南风 4-5级,东南风 4-5级
2023-07-23,30,22,晴,多云,西南风 3-4级,东风 3-4级
2023-07-24,29,24,晴,晴,东南风 3-4级,东南风 3-4级
2023-07-25,28,24,多云,多云,东南风 3-4级,东南风 3-4级
2023-07-26,29,24,阴,阴,东南风 3-4级,南风 3-4级
2023-07-27,30,25,雷阵雨,多云,东南风 3-4级,东南风 3-4级
2023-07-28,30,24,多云,小到中雨,南风 4-5级,南风 4-5级
2023-07-29,27,25,大到暴雨,阴,东南风 4-5级,东南风 4-5级
2023-07-30,29,25,多云,多云,东南风 4-5级,东南风 3-4级
2023-07-31,29,25,多云,多云,东南风 3-4级,南风 3-4级
2023-08-01,30,25,晴,晴,南风 3-4级,南风 3-4级
2023-08-02,31,26,晴,晴,西南风 4-5级,西南风 4-5级
2023-08-03,32,26,多云,多云,西南风 4-5级,西南风 4-5级
2023-08-04,31,25,多云,雷阵雨,西南风 4-5级,西南风 3-4级
2023-08-05,30,22,雷阵雨,晴,东北风 4-5级,东北风 4-5级
2023-08-06,28,21,晴,晴,东北风 4-5级,东北风 4-5级
2023-08-07,29,22,晴,晴,北风 4-5级,北风 3-4级
2023-08-08,30,24,晴,晴,北风 3-4级,北风 3-4级
2023-08-09,31,24,晴,晴,北风 3-4级,北风 4-5级
2023-08-10,31,24,多云,多云,北风 4-5级,北风 4-5级
2023-08-11,30,24,多云,阴,北风 4-5级,西风 3-4级
2023-08-12,28,23,中雨,大到暴雨,东风 4-5级,东风 4-5级
2023-08-13,28,24,阵雨,多云,北风 4-5级,北风 3-4级
2023-08-14,30,24,晴,晴,北风 3-4级,北风 3-4级
2023-08-15,28,23,多云,多云,西风 3-4级,西风 3-4级
2023-08-16,30,24,多云,多云,西风 3-4级,西北风 3-4级
2023-08-17,30,24,多云,多云,北风 3-4级,南风 3-4级
2023-08-18,30,25,多云,多云,南风 3-4级,东南风 3-4级
2023-08-19,31,26,多云,多云,南风 3-4级,南风 3-4级
2023-08-20,29,25,多云,小雨,南风 3-4级,南风 4-5级
2023-08-21,28,24,中到大雨,多云,南风 4-5级,北风 3-4级
2023-08-22,30,22,多云,晴,北风 3-4级,北风 3-4级
2023-08-23,30,22,晴,晴,北风 1-3级,北风 1-3级
2023-08-24,30,22,多云,多云,北风 1-3级,北风 1-3级
2023-08-25,29,22,晴,晴,西北风 1-3级,北风 1-3级
2023-08-26,28,22,多云,多云,北风 1-3级,东北风 1-3级
2023-08-27,27,22,多云,多云,东北风 1-3级,东北风 1-3级
2023-08-28,23,19,大雨,小雨,东北风 1-3级,北风 1-3级
2023-08-29,28,20,多云,晴,北风 1-3级,北风 1-3级
2023-08-30,27,20,晴,多云,北风 3-4级,西南风 3-4级
2023-08-31,27,20,雷阵雨,多云,西南风 3-4级,西北风 3-4级
2023-09-01,28,20,晴,晴,西风 3-4级,西北风 3-4级
2023-09-02,28,20,晴,晴,南风 3-4级,东南风 3-4级
2023-09-03,28,22,晴,多云,南风 3-4级,东南风 3-4级
2023-09-04,28,22,多云,晴,东南风 3-4级,北风 3-4级
2023-09-05,30,21,晴,晴,北风 3-4级,北风 3-4级
2023-09-06,30,21,晴,晴,北风 3-4级,北风 1-3级
2023-09-07,29,23,晴,多云,南风 3-4级,南风 3-4级
2023-09-08,29,23,多云,多云,南风 1-3级,南风 1-3级
2023-09-09,28,22,多云,多云,北风 3-4级,北风 3-4级
2023-09-10,27,23,多云,多云,南风 1-3级,西南风 3-4级
2023-09-11,27,21,多云,雷阵雨,西南风 3-4级,北风 4-5级
2023-09-12,28,17,晴,晴,北风 1-3级,东北风 1-3级
2023-09-13,28,18,晴,晴,东北风 3-4级,东北风 3-4级
2023-09-14,28,19,晴,晴,北风 1-3级,北风 1-3级
2023-09-15,28,20,多云,多云,东南风 1-3级,东南风 1-3级
2023-09-16,28,20,多云,多云,东北风 1-3级,东北风 1-3级
2023-09-17,27,22,晴,多云,南风 3-4级,南风 3-4级
2023-09-18,29,21,雷阵雨,雷阵雨,西南风 4-5级,北风 4-5级
2023-09-19,27,18,多云,晴,北风 4-5级,北风 4-5级
2023-09-20,26,17,晴,晴,北风 4-5级,北风 4-5级
2023-09-21,26,20,晴,晴,北风 3-4级,西南风 3-4级
2023-09-22,28,17,多云,多云,北风 4-5级,北风 4-5级
2023-09-23,25,19,多云,多云,东北风 4-5级,东南风 3-4级
2023-09-24,25,19,阵雨,雷阵雨,东南风 4-5级,东南风 4-5级
2023-09-25,23,18,阵雨,小雨,东南风 3-4级,北风 3-4级
2023-09-26,22,19,小雨,阴,东风 3-4级,西风 3-4级
2023-09-27,25,18,多云,晴,西风 3-4级,西北风 3-4级
2023-09-28,26,17,晴,晴,北风 3-4级,南风 3-4级
2023-09-29,25,18,多云,多云,西南风 4-5级,西北风 4-5级
2023-09-30,22,16,晴,晴,北风 4-5级,北风 3-4级
2023-10-01,25,16,晴,晴,西北风 3-4级,西南风 3-4级
2023-10-02,24,19,晴,多云,西南风 3-4级,西南风 3-4级
2023-10-03,24,18,多云,多云,西南风 3-4级,北风 4-5级
2023-10-04,21,12,多云,晴,北风 4-5级,北风 4-5级
2023-10-05,19,14,晴,晴,西北风 4-5级,西北风 3-4级
2023-10-06,23,15,多云,多云,西北风 3-4级,东北风 3-4级
2023-10-07,21,16,多云,多云,东风 3-4级,东南风 3-4级
2023-10-08,22,14,多云,雷阵雨,南风 3-4级,西北风 4-5级
2023-10-09,21,14,阵雨,晴,北风 4-5级,北风 4-5级
2023-10-10,21,14,晴,晴,北风 3-4级,北风 3-4级
2023-10-11,23,15,晴,多云,西北风 4-5级,西北风 4-5级
2023-10-12,22,16,多云,阴,西南风 4-5级,西南风 4-5级
2023-10-13,21,12,雷阵雨,雷阵雨,西南风 4-5级,西北风 5-6级
2023-10-14,21,15,多云,晴,西北风 4-5级,无持续风向 5-6级
2023-10-15,19,10,晴,晴,北风 5-6级,北风 4-5级
2023-10-16,17,11,晴,晴,无持续风向 4-5级,西南风 4-5级
2023-10-17,21,15,晴,阴,南风 4-5级,西南风 5-6级
2023-10-18,20,13,小雨,多云,无持续风向 5-6级,无持续风向 4-5级
2023-10-19,19,10,晴,多云,北风 5-6级,北风 5-6级
2023-10-20,15,11,晴,晴,西北风 5-6级,西北风 5-6级
2023-10-21,18,12,晴,晴,北风 4-5级,西南风 5-6级
2023-10-22,21,14,晴,晴,西南风 4-5级,西南风 4-5级
2023-10-23,22,16,晴,晴,西南风 4-5级,西南风 5-6级
2023-10-24,22,14,晴,晴,西南风 4-5级,西南风 4-5级
2023-10-25,22,11,晴,晴,西南风 4-5级,北风 5-6级
2023-10-26,17,8,晴,晴,北风 6-7级,北风 5-6级
2023-10-27,19,12,晴,晴,西南风 5-6级,西南风 4-5级
2023-10-28,20,14,晴,晴,东南风 4-5级,东南风 4-5级
2023-10-29,21,16,晴,阴,南风 4-5级,南风 5-6级
2023-10-30,22,16,多云,多云,南风 4-5级,南风 5-6级
2023-10-31,22,14,晴,多云,西南风 5-6级,西南风 4-5级
2023-11-01,22,16,晴,晴,无持续风向 3-4级,西南风 4-5级
2023-11-02,24,8,晴,多云,西南风 5-6级,北风 5-6级
2023-11-03,13,8,晴,晴,北风 4-5级,北风 4-5级
2023-11-04,17,10,晴,阴,东风 4-5级,东风 4-5级
2023-11-05,18,8,中到大雨,中到大雨,东风 5-6级,西北风 5-6级
2023-11-06,8,2,小雨,多云,西北风 7-8级,西北风 7-8级
2023-11-07,13,3,多云,阵雨,南风 4-5级,南风 5-6级
2023-11-08,17,5,阴,多云,南风 5-6级,无持续风向 5-6级
2023-11-09,8,1,多云,晴,北风 5-6级,北风 5-6级
2023-11-10,3,-2,多云,多云,北风 5-6级,无持续风向 4-5级
2023-11-11,3,-2,晴,多云,北风 5-6级,无持续风向 5-6级
2023-11-12,2,-2,多云,晴,北风 5-6级,北风 5-6级
2023-11-13,8,2,晴,多云,西北风 4-5级,西风 4-5级
2023-11-14,12,7,晴,晴,西风 4-5级,西风 4-5级
2023-11-15,13,7,多云,小雨,西南风 4-5级,西北风 5-6级
2023-11-16,9,-1,多云,雨夹雪,西北风 5-6级,西北风 5-6级
2023-11-17,3,0,小雪,多云,西北风 6-7级,西北风 6-7级
2023-11-18,10,2,晴,晴,西风 5-6级,西风 5-6级
2023-11-19,11,4,晴,晴,北风 5-6级,西南风 4-5级
2023-11-20,14,8,晴,晴,南风 5-6级,西南风 5-6级
2023-11-21,15,10,晴,多云,南风 4-5级,南风 4-5级
2023-11-22,15,2,阴,多云,西风 5-6级,北风 5-6级
2023-11-23,4,-4,阵雪,多云,北风 5-6级,北风 5-6级
2023-11-24,-1,-5,多云,晴,北风 5-6级,南风 4-5级
2023-11-25,7,-3,阴,雨夹雪,南风 5-6级,南风 5-6级
2023-11-26,8,4,多云,雨夹雪,西风 4-5级,西风 4-5级
2023-11-27,7,-4,多云,多云,北风 5-6级,北风 5-6级
2023-11-28,1,-4,多云,阵雪,西北风 1-3级,无持续风向 5-6级
2023-11-29,0,-5,晴,晴,北风 5-6级,北风 5-6级
2023-11-30,0,-5,晴,晴,西北风 4-5级,西北风 4-5级
2023-12-01,5,-2,晴,晴,西风 5-6级,西风 5-6级
2023-12-02,8,-2,晴,晴,西北风 5-6级,西北风 4-5级
2023-12-03,10,2,晴,晴,西南风 5-6级,西南风 5-6级
2023-12-04,10,3,晴,多云,西南风 4-5级,无持续风向 4-5级
2023-12-05,10,4,晴,多云,西南风 4-5级,西北风 4-5级
2023-12-06,8,1,晴,晴,西北风 5-6级,西南风 5-6级
2023-12-07,13,8,晴,晴,西南风 4-5级,西南风 4-5级
2023-12-08,14,-1,晴,晴,西南风 4-5级,北风 5-6级
2023-12-09,6,-5,晴,多云,无持续风向 5-6级,北风 5-6级
2023-12-10,-2,-5,多云,阴,北风 5-6级,北风 5-6级
2023-12-11,-4,-8,中雪,多云,北风 5-6级,北风 5-6级
2023-12-12,-2,-8,晴,多云,北风 4-5级,北风 5-6级
2023-12-13,1,-5,多云,阴,东北风 5-6级,东北风 5-6级
2023-12-14,-3,-9,中雪,大雪,东北风 6-7级,东北风 6-7级
2023-12-15,-8,-10,阵雪,阵雪,北风 6-7级,北风 6-7级
2023-12-16,-8,-11,阵雪,阵雪,西北风 5-6级,西北风 5-6级
2023-12-17,-6,-10,阵雪,多云,西北风 3-4级,西北风 4-5级
2023-12-18,-1,-6,阵雪,阵雪,西风 4-5级,西风 5-6级
2023-12-19,-1,-13,阵雪,阵雪,北风 4-5级,北风 4-5级
2023-12-20,-11,-14,阵雪,阵雪,北风 4-5级,北风 4-5级
2023-12-21,-8,-14,阵雪,多云,北风 4-5级,西北风 4-5级
2023-12-22,-3,-10,多云,多云,西风 4-5级,西风 3-4级
2023-12-23,0,-6,阵雪,多云,西风 3-4级,西风 3-4级
2023-12-24,0,-6,雨夹雪,晴,西风 4-5级,西北风 4-5级
2023-12-25,3,-4,晴,晴,西南风 4-5级,西南风 4-5级
2023-12-26,2,-5,晴,晴,东北风 4-5级,东北风 3-4级
2023-12-27,2,-3,晴,多云,东风 3-4级,西风 3-4级
2023-12-28,4,-3,雨夹雪,多云,西北风 3-4级,西南风 3-4级
2023-12-29,4,-1,雨夹雪,小雨,西南风 3-4级,西南风 3-4级
2023-12-30,6,-4,小雨,小雪,西南风 3-4级,北风 4-5级
2023-12-31,-4,-8,多云,晴,北风 5-6级,北风 4-5级
2024-01-01,1,-8,晴,多云,西南风 3-4级,西南风 3-4级
2024-01-02,4,-4,多云,多云,西风 3-4级,北风 3-4级
2024-01-03,2,-3,晴,晴,北风 3-4级,西南风 4-5级
2024-01-04,7,-3,晴,晴,西南风 4-5级,北风 4-5级
2024-01-05,2,-3,晴,晴,北风 4-5级,西南风 3-4级
2024-01-06,1,-8,多云,多云,北风 4-5级,北风 4-5级
2024-01-07,-2,-8,晴,晴,北风 4-5级,南风 3-4级
2024-01-08,4,-2,晴,多云,西南风 4-5级,北风 4-5级
2024-01-09,0,-7,多云,晴,北风 4-5级,北风 4-5级
2024-01-10,3,-6,晴,晴,西南风 4-5级,西南风 4-5级
2024-01-11,5,-3,晴,晴,西南风 4-5级,东北风 3-4级
2024-01-12,5,-3,晴,晴,南风 3-4级,东北风 3-4级
2024-01-13,5,-5,多云,雨夹雪,东南风 4-5级,北风 4-5级
2024-01-14,-3,-6,晴,晴,北风 4-5级,北风 4-5级
2024-01-15,3,-4,晴,晴,西风 3-4级,西南风 3-4级
2024-01-16,5,0,晴,多云,南风 3-4级,西南风 3-4级
2024-01-17,4,-4,雨夹雪,阵雪,西南风 3-4级,北风 4-5级
2024-01-18,0,-6,晴,晴,北风 4-5级,北风 4-5级
2024-01-19,1,-6,晴,多云,北风 4-5级,北风 4-5级
2024-01-20,-3,-11,小到中雪,阵雪,北风 4-5级,北风 4-5级
2024-01-21,-9,-13,晴,阵雪,北风 4-5级,北风 4-5级
2024-01-22,-10,-14,晴,晴,北风 4-5级,北风 4-5级
2024-01-23,-2,-11,晴,晴,西北风 4-5级,北风 4-5级
2024-01-24,-3,-7,晴,晴,北风 4-5级,西风 3-4级
2024-01-25,3,-3,晴,晴,西风 3-4级,西北风 3-4级
2024-01-26,2,-6,晴,晴,北风 3-4级,北风 3-4级
2024-01-27,0,-5,晴,晴,北风 3-4级,北风 3-4级
2024-01-28,4,-4,晴,晴,西南风 3-4级,北风 3-4级
2024-01-29,3,-2,晴,晴,东北风 3-4级,南风 3-4级
2024-01-30,6,-5,阴,阴,南风 3-4级,北风 4-5级
2024-01-31,-4,-12,多云,晴,北风 4-5级,北风 4-5级
2024-02-01,-8,-13,晴,晴,北风 4-5级,北风 4-5级
2024-02-02,-3,-11,晴,多云,北风 4-5级,北风 4-5级
2024-02-03,-1,-8,晴,晴,北风 4-5级,北风 4-5级
2024-02-04,0,-8,晴,阴,北风 4-5级,北风 4-5级
2024-02-05,-4,-8,小到中雪,多云,北风 4-5级,北风 4-5级
2024-02-06,-3,-8,晴,晴,北风 4-5级,北风 4-5级
2024-02-07,-1,-6,晴,晴,北风 4-5级,北风 3-4级
2024-02-08,2,-5,晴,晴,西北风 3-4级,西北风 3-4级
2024-02-09,5,-3,晴,晴,西南风 3-4级,东北风 3-4级
2024-02-10,3,-3,晴,晴,东北风 3-4级,西南风 3-4级
2024-02-11,6,0,晴,晴,西风 4-5级,南风 3-4级
2024-02-12,11,4,晴,晴,南风 4-5级,南风 4-5级
2024-02-13,12,2,晴,多云,南风 3-4级,北风 3-4级
2024-02-14,7,-3,多云,多云,北风 4-5级,北风 4-5级
2024-02-15,2,-3,晴,晴,北风 4-5级,南风 3-4级
2024-02-16,7,2,晴,晴,南风 4-5级,南风 4-5级
2024-02-17,10,3,晴,多云,南风 4-5级,南风 4-5级
2024-02-18,10,-1,小雨,小到中雨,东南风 4-5级,北风 4-5级
2024-02-19,-2,-10,多云,晴,北风 5-6级,北风 4-5级
2024-02-20,-5,-9,多云,小雪,北风 4-5级,北风 5-6级
2024-02-21,-6,-10,小雪,多云,北风 5-6级,北风 4-5级
2024-02-22,-4,-8,多云,多云,北风 4-5级,北风 4-5级
2024-02-23,0,-8,晴,晴,北风 4-5级,北风 3-4级
2024-02-24,3,-3,阴,阴,北风 3-4级,北风 3-4级
2024-02-25,3,-4,晴,晴,北风 4-5级,北风 4-5级
2024-02-26,2,-4,晴,多云,北风 4-5级,北风 3-4级
2024-02-27,3,-2,多云,多云,南风 1-3级,南风 1-3级
2024-02-28,5,-2,多云,多云,北风 3-4级,北风 3-4级
2024-02-29,0,-8,多云,晴,北风 4-5级,北风 4-5级
2024-03-01,2,-8,晴,晴,西北风 4-5级,西南风 4-5级
2024-03-02,4,-2,晴,晴,西北风 4-5级,东北风 1-3级
2024-03-03,5,-1,晴,晴,北风 3-4级,东南风 3-4级
2024-03-04,6,1,多云,多云,东南风 4-5级,东北风 4-5级
2024-03-05,8,0,多云,多云,北风 4-5级,北风 4-5级
2024-03-06,8,0,多云,多云,北风 4-5级,北风 4-5级
2024-03-07,7,-1,多云,晴,西风 4-5级,西北风 4-5级
2024-03-08,3,-2,晴,晴,西北风 4-5级,南风 3-4级
2024-03-09,6,1,晴,晴,南风 4-5级,南风 4-5级
2024-03-10,9,5,多云,阴,南风 4-5级,南风 4-5级
2024-03-11,10,1,小雨,多云,北风 4-5级,北风 4-5级
2024-03-12,9,3,晴,晴,西北风 4-5级,西南风 3-4级
2024-03-13,12,3,晴,晴,西风 4-5级,南风 3-4级
2024-03-14,15,7,晴,晴,西南风 4-5级,西南风 4-5级
2024-03-15,17,4,晴,晴,西南风 4-5级,南风 3-4级
2024-03-16,13,3,多云,多云,南风 4-5级,北风 4-5级
2024-03-17,8,0,晴,晴,北风 4-5级,西南风 3-4级
2024-03-18,11,2,多云,多云,西南风 3-4级,西北风 3-4级
2024-03-19,8,2,多云,晴,西北风 4-5级,西北风 4-5级
2024-03-20,7,2,晴,晴,西北风 4-5级,西南风 4-5级
2024-03-21,11,6,小雨,小雨,东南风 4-5级,东南风 4-5级
2024-03-22,14,4,阵雨,晴,东南风 4-5级,东北风 3-4级
2024-03-23,9,2,多云,多云,东风 3-4级,东北风 4-5级
2024-03-24,14,5,多云,阵雨,东北风 4-5级,东北风 3-4级
2024-03-25,8,4,阵雨,多云,北风 4-5级,北风 3-4级
2024-03-26,14,5,晴,阴,南风 3-4级,南风 4-5级
2024-03-27,14,7,多云,雷阵雨,南风 4-5级,南风 4-5级
2024-03-28,12,4,多云,阵雨,西风 4-5级,西风 4-5级
2024-03-29,12,6,晴,多云,西北风 4-5级,西南风 3-4级
2024-03-30,14,5,晴,多云,北风 4-5级,南风 3-4级
2024-03-31,12,5,多云,晴,东南风 3-4级,东风 3-4级
2024-04-01,11,7,多云,阴,东南风 4-5级,东风 4-5级
2024-04-02,12,8,多云,多云,东风 4-5级,北风 4-5级
2024-04-03,16,7,多云,晴,北风 4-5级,北风 4-5级
2024-04-04,15,5,晴,晴,北风 4-5级,北风 3-4级
2024-04-05,17,9,晴,多云,西南风 4-5级,西南风 3-4级
2024-04-06,19,10,晴,晴,西南风 4-5级,西南风 3-4级
2024-04-07,20,8,晴,晴,西南风 3-4级,北风 4-5级
2024-04-08,18,5,晴,晴,北风 4-5级,北风 4-5级
2024-04-09,13,6,多云,阴,北风 3-4级,南风 3-4级
2024-04-10,17,10,阴,阵雨,南风 3-4级,南风 4-5级
2024-04-11,19,11,晴,晴,南风 4-5级,南风 4-5级
2024-04-12,19,11,晴,多云,南风 4-5级,南风 3-4级
2024-04-13,17,9,多云,多云,南风 4-5级,东南风 4-5级
2024-04-14,14,10,阵雨,小到中雨,东南风 4-5级,北风 4-5级
2024-04-15,16,10,多云,晴,西风 4-5级,西北风 3-4级
2024-04-16,20,9,晴,晴,西北风 4-5级,西南风 3-4级
2024-04-17,21,11,晴,晴,西南风 3-4级,西南风 3-4级
2024-04-18,22,12,晴,多云,北风 4-5级,北风 3-4级
2024-04-19,20,11,晴,多云,东北风 4-5级,东风 3-4级
2024-04-20,18,10,多云,晴,东风 3-4级,东风 3-4级
2024-04-21,18,8,晴,晴,东风 3-4级,东南风 3-4级
2024-04-22,18,12,多云,阴,东南风 3-4级,东南风 4-5级
2024-04-23,16,10,中雨,小雨,东南风 4-5级,北风 3-4级
2024-04-24,19,10,多云,晴,南风 3-4级,南风 4-5级
2024-04-25,23,15,晴,晴,南风 4-5级,南风 4-5级
2024-04-26,20,13,晴,多云,东南风 3-4级,东南风 3-4级
2024-04-27,20,14,多云,多云,东风 3-4级,东北风 3-4级
2024-04-28,23,11,多云,多云,东北风 4-5级,东北风 4-5级
2024-04-29,20,10,多云,多云,北风 4-5级,北风 4-5级
2024-04-30,18,12,多云,晴,西北风 4-5级,西南风 3-4级
2024-05-01,24,14,晴,晴,西南风 3-4级,西南风 3-4级
2024-05-02,25,15,晴,晴,西南风 4-5级,西南风 3-4级
2024-05-03,26,14,晴,晴,西南风 3-4级,西南风 3-4级
2024-05-04,23,13,多云,雷阵雨,东南风 3-4级,东南风 3-4级
2024-05-05,17,12,小到中雨,小到中雨,西北风 4-5级,西北风 4-5级
2024-05-06,16,13,阵雨,多云,西北风 4-5级,西北风 4-5级
2024-05-07,23,13,多云,晴,北风 4-5级,北风 3-4级
2024-05-08,25,16,晴,晴,西南风 3-4级,西南风 4-5级
2024-05-09,26,16,晴,多云,西南风 4-5级,南风 4-5级
2024-05-10,25,15,多云,阵雨,南风 4-5级,南风 4-5级
2024-05-11,21,14,多云,晴,西风 4-5级,西北风 3-4级
2024-05-12,24,14,晴,晴,西南风 3-4级,西南风 3-4级
2024-05-13,28,18,晴,晴,西南风 4-5级,西南风 4-5级
2024-05-14,30,15,多云,阵雨,西南风 4-5级,北风 4-5级
2024-05-15,24,16,晴,晴,北风 4-5级,西风 4-5级
2024-05-16,26,15,晴,晴,西风 4-5级,南风 3-4级
2024-05-17,24,15,晴,晴,东南风 3-4级,东南风 3-4级
2024-05-18,23,16,晴,晴,东南风 4-5级,东南风 4-5级
2024-05-19,20,14,雷阵雨,雷阵雨,东南风 4-5级,北风 4-5级
2024-05-20,24,14,晴,晴,北风 3-4级,南风 3-4级
2024-05-21,21,14,晴,晴,东南风 3-4级,南风 3-4级
2024-05-22,22,13,晴,晴,南风 4-5级,南风 4-5级
2024-05-23,24,16,晴,多云,东北风 4-5级,东北风 3-4级
2024-05-24,24,16,多云,阵雨,东北风 3-4级,东风 3-4级
2024-05-25,23,17,多云,中到大雨,东南风 3-4级,南风 4-5级
2024-05-26,20,15,阵雨,晴,西北风 4-5级,西北风 4-5级
2024-05-27,24,16,晴,晴,西北风 4-5级,西风 3-4级
2024-05-28,25,16,晴,晴,西南风 3-4级,西南风 3-4级
2024-05-29,26,18,晴,多云,西南风 4-5级,西南风 4-5级
2024-05-30,22,15,多云,雷阵雨,南风 4-5级,北风 4-5级
2024-05-31,25,16,多云,晴,北风 4-5级,西北风 3-4级
2024-06-01,25,16,晴,晴,西风 3-4级,西风 3-4级
2024-06-02,27,17,晴,晴,北风 3-4级,北风 3-4级
2024-06-03,26,16,晴,晴,北风 3-4级,南风 3-4级
2024-06-04,26,18,晴,晴,南风 3-4级,南风 3-4级
2024-06-05,24,17,多云,多云,南风 3-4级,南风 3-4级
2024-06-06,26,18,晴,多云,南风 3-4级,南风 4-5级
2024-06-07,23,18,多云,雷阵雨,南风 4-5级,南风 4-5级
2024-06-08,25,18,多云,多云,南风 3-4级,东南风 3-4级
2024-06-09,26,18,多云,晴,东南风 3-4级,东风 3-4级
2024-06-10,23,17,晴,晴,东南风 3-4级,南风 3-4级
2024-06-11,29,19,阴,阴,南风 4-5级,南风 4-5级
2024-06-12,28,20,晴,晴,南风 4-5级,南风 3-4级
2024-06-13,25,20,多云,雷阵雨,南风 4-5级,南风 4-5级
2024-06-14,24,18,小雨,多云,南风 4-5级,北风 3-4级
2024-06-15,27,18,晴,晴,北风 3-4级,西风 3-4级
2024-06-16,28,21,晴,晴,西南风 4-5级,西南风 4-5级
2024-06-17,31,21,晴,晴,西南风 4-5级,西南风 4-5级
2024-06-18,32,20,晴,晴,西南风 4-5级,西南风 4-5级
2024-06-19,27,20,晴,晴,南风 4-5级,南风 3-4级
2024-06-20,26,20,多云,多云,东南风 3-4级,东南风 3-4级
2024-06-21,25,20,多云,多云,东南风 3-4级,东南风 3-4级
2024-06-22,26,20,多云,多云,南风 3-4级,南风 3-4级
2024-06-23,28,20,多云,多云,北风 4-5级,北风 3-4级
2024-06-24,28,20,晴,晴,北风 4-5级,西风 3-4级
2024-06-25,29,20,晴,晴,南风 3-4级,南风 3-4级
2024-06-26,30,22,晴,晴,南风 3-4级,南风 3-4级
2024-06-27,29,21,晴,晴,南风 3-4级,南风 3-4级
2024-06-28,29,21,晴,多云,南风 3-4级,南风 3-4级
2024-06-29,25,20,多云,小雨,东南风 4-5级,北风 4-5级
2024-06-30,28,21,多云,多云,南风 3-4级,北风 3-4级
2024-07-01,30,21,多云,多云,北风 3-4级,东风 3-4级
2024-07-02,24,20,中雨,小雨,东北风 4-5级,西北风 4-5级
2024-07-03,27,21,多云,多云,西风 4-5级,西南风 3-4级
2024-07-04,25,20,中雨,多云,东北风 3-4级,西南风 3-4级
2024-07-05,27,22,多云,大雨,西南风 4-5级,东南风 5-6级
2024-07-06,26,21,小雨,多云,西北风 5-6级,西南风 3-4级
2024-07-07,29,22,多云,多云,西南风 3-4级,东北风 3-4级
2024-07-08,29,22,多云,多云,北风 3-4级,北风 3-4级
2024-07-09,29,22,多云,多云,北风 3-4级,北风 3-4级
2024-07-10,28,21,晴,晴,西北风 3-4级,西北风 3-4级
2024-07-11,30,21,晴,晴,西南风 3-4级,南风 3-4级
2024-07-12,28,22,晴,多云,东南风 3-4级,东南风 3-4级
2024-07-13,27,22,多云,多云,东南风 3-4级,东北风 3-4级
2024-07-14,28,22,多云,多云,东风 3-4级,东风 3-4级
2024-07-15,29,23,多云,小雨,东南风 3-4级,东南风 3-4级
2024-07-16,28,24,雷阵雨,雷阵雨,东南风 4-5级,东南风 4-5级
2024-07-17,29,22,多云,多云,西南风 3-4级,西南风 3-4级
2024-07-18,31,24,晴,晴,西南风 3-4级,西南风 3-4级
2024-07-19,31,24,多云,多云,南风 3-4级,南风 3-4级
2024-07-20,28,23,阵雨,多云,南风 3-4级,南风 3-4级
2024-07-21,31,24,多云,阵雨,西南风 4-5级,南风 4-5级
2024-07-22,30,24,小雨,多云,南风 4-5级,南风 3-4级
2024-07-23,31,25,多云,多云,南风 3-4级,南风 3-4级
2024-07-24,30,24,多云,雷阵雨,东南风 3-4级,南风 3-4级
2024-07-25,29,25,小雨,多云,南风 3-4级,南风 4-5级
2024-07-26,28,25,小到中雨,中雨,南风 4-5级,南风 4-5级
2024-07-27,27,24,大雨,小雨,南风 4-5级,南风 4-5级
2024-07-28,27,24,小到中雨,大雨,南风 4-5级,西南风 4-5级
2024-07-29,28,25,小到中雨,多云,西南风 3-4级,南风 3-4级
2024-07-30,30,25,多云,晴,东南风 3-4级,南风 4-5级
2024-07-31,31,25,多云,中到大雨,南风 4-5级,南风 4-5级
2024-08-01,31,24,多云,雷阵雨,西南风 4-5级,西南风 3-4级
2024-08-02,32,25,多云,多云,西南风 3-4级,东南风 3-4级
2024-08-03,30,26,多云,小雨,东南风 3-4级,东南风 3-4级
2024-08-04,30,25,中雨,大雨,南风 4-5级,西南风 4-5级
2024-08-05,30,25,雷阵雨,小雨,西南风 3-4级,南风 3-4级
2024-08-06,30,25,多云,多云,南风 3-4级,东南风 3-4级
2024-08-07,30,24,晴,晴,东南风 3-4级,东南风 3-4级
2024-08-08,31,24,晴,多云,西风 1-3级,东南风 1-3级
2024-08-09,30,25,多云,多云,东南风 3-4级,南风 4-5级
2024-08-10,30,26,中雨,雷阵雨,南风 4-5级,南风 4-5级
2024-08-11,31,26,晴,晴,南风 4-5级,东南风 3-4级
2024-08-12,31,26,多云,多云,东风 3-4级,东风 3-4级
2024-08-13,30,26,阴,多云,东北风 3-4级,东北风 3-4级
2024-08-14,31,25,多云,多云,东北风 3-4级,东北风 3-4级
2024-08-15,31,25,晴,晴,北风 3-4级,北风 3-4级
2024-08-16,31,26,晴,晴,北风 1-3级,东北风 1-3级
2024-08-17,31,26,多云,多云,南风 1-3级,南风 1-3级
2024-08-18,31,25,多云,雷阵雨,南风 3-4级,南风 3-4级
2024-08-19,30,26,雷阵雨,雷阵雨,东南风 3-4级,东南风 4-5级
2024-08-20,30,26,中雨,大雨,东南风 4-5级,东南风 4-5级
2024-08-21,30,26,多云,多云,东南风 3-4级,西北风 3-4级
2024-08-22,32,25,晴,晴,西风 3-4级,西风 3-4级
2024-08-23,30,25,多云,晴,西北风 3-4级,东南风 1-3级
2024-08-24,31,25,晴,多云,南风 3-4级,北风 3-4级
2024-08-25,31,25,多云,多云,东北风 3-4级,东北风 3-4级
2024-08-26,28,23,中雨,小雨,东风 4-5级,东北风 4-5级
2024-08-27,30,22,晴,晴,北风 4-5级,东北风 3-4级
2024-08-28,30,22,晴,晴,东北风 3-4级,东北风 3-4级
2024-08-29,29,21,晴,晴,东风 3-4级,西风 3-4级
2024-08-30,30,23,晴,晴,西风 3-4级,北风 4-5级
2024-08-31,30,24,晴,多云,北风 3-4级,南风 3-4级
2024-09-01,29,19,小到中雨,晴,北风 4-5级,北风 4-5级
2024-09-02,28,20,晴,晴,北风 4-5级,北风 4-5级
2024-09-03,28,22,晴,多云,东风 3-4级,东南风 3-4级
2024-09-04,29,24,多云,小雨,西南风 4-5级,北风 4-5级
2024-09-05,26,19,小雨,晴,北风 4-5级,北风 4-5级
2024-09-06,28,20,晴,晴,北风 3-4级,北风 3-4级
2024-09-07,29,21,晴,晴,北风 3-4级,北风 3-4级
2024-09-08,28,23,晴,晴,南风 3-4级,南风 3-4级
2024-09-09,29,23,晴,多云,南风 4-5级,南风 4-5级
2024-09-10,28,20,小雨,中雨,北风 4-5级,北风 4-5级
2024-09-11,27,19,多云,晴,东北风 3-4级,东北风 3-4级
2024-09-12,27,22,多云,多云,东北风 3-4级,东北风 3-4级
2024-09-13,28,18,多云,多云,北风 4-5级,北风 4-5级
2024-09-14,24,16,多云,多云,北风 4-5级,北风 4-5级
2024-09-15,24,17,晴,多云,北风 4-5级,北风 3-4级
2024-09-16,27,20,晴,晴,西北风 3-4级,北风 3-4级
2024-09-17,27,22,晴,晴,东北风 3-4级,东北风 3-4级
2024-09-18,28,22,多云,多云,东北风 3-4级,东风 3-4级
2024-09-19,28,22,多云,小雨,东南风 3-4级,东北风 3-4级
2024-09-20,20,14,阵雨,阴,北风 5-6级,北风 5-6级
2024-09-21,19,13,晴,晴,北风 5-6级,北风 4-5级
2024-09-22,21,14,晴,晴,北风 4-5级,北风 3-4级
2024-09-23,22,16,晴,晴,北风 3-4级,南风 3-4级
2024-09-24,24,19,晴,阴,南风 3-4级,南风 3-4级
2024-09-25,25,16,多云,晴,北风 3-4级,北风 3-4级
2024-09-26,23,16,晴,晴,北风 3-4级,北风 3-4级
2024-09-27,25,17,晴,晴,北风 3-4级,东北风 3-4级
2024-09-28,25,21,晴,晴,东南风 3-4级,东南风 3-4级
2024-09-29,25,21,多云,多云,南风 3-4级,南风 3-4级
2024-09-30,23,12,小雨,小雨,北风 4-5级,北风 4-5级
2024-10-01,18,12,晴,晴,北风 4-5级,北风 4-5级
2024-10-02,18,12,晴,晴,西北风 3-4级,北风 3-4级
2024-10-03,21,15,晴,晴,西南风 3-4级,西南风 3-4级
2024-10-04,21,15,晴,晴,西南风 3-4级,西南风 3-4级
2024-10-05,22,17,晴,多云,西南风 3-4级,西南风 3-4级
2024-10-06,22,11,多云,多云,北风 4-5级,北风 4-5级
2024-10-07,17,12,晴,晴,北风 4-5级,北风 3-4级
2024-10-08,21,13,晴,多云,北风 3-4级,南风 3-4级
2024-10-09,21,15,多云,阴,南风 3-4级,北风 4-5级
2024-10-10,20,12,多云,晴,北风 4-5级,北风 3-4级
2024-10-11,21,15,晴,晴,西南风 3-4级,西南风 3-4级
2024-10-12,23,16,晴,多云,南风 3-4级,南风 3-4级
2024-10-13,21,17,多云,多云,南风 3-4级,南风 3-4级
2024-10-14,22,13,小雨,多云,南风 4-5级,北风 4-5级
2024-10-15,17,8,晴,晴,北风 4-5级,北风 4-5级
2024-10-16,19,10,晴,多云,南风 3-4级,南风 3-4级
2024-10-17,22,18,多云,小雨,东南风 3-4级,东南风 3-4级
2024-10-18,17,2,中到大雨,多云,北风 5-6级,北风 5-6级
2024-10-19,6,1,晴,晴,北风 5-6级,北风 4-5级
2024-10-20,17,6,小雨,小雨,东南风 4-5级,南风 4-5级
2024-10-21,17,11,多云,小雨,西风 3-4级,北风 3-4级
2024-10-22,13,6,小到中雨,多云,北风 4-5级,北风 4-5级
2024-10-23,16,10,晴,晴,西北风 4-5级,西南风 4-5级
2024-10-24,19,13,晴,晴,西风 3-4级,西南风 3-4级
2024-10-25,19,12,晴,晴,东南风 3-4级,东风 3-4级
2024-10-26,17,8,晴,多云,东风 3-4级,北风 4-5级
2024-10-27,10,7,多云,晴,北风 4-5级,北风 4-5级
2024-10-28,15,8,晴,多云,北风 3-4级,北风 3-4级
2024-10-29,18,10,多云,晴,西南风 3-4级,北风 3-4级
2024-10-30,17,11,晴,晴,北风 3-4级,南风 3-4级
2024-10-31,19,13,晴,阴,西南风 3-4级,西南风 3-4级
2024-11-01,19,10,多云,晴,北风 4-5级,北风 4-5级
2024-11-02,19,12,晴,晴,北风 3-4级,南风 3-4级
2024-11-03,20,7,多云,多云,西南风 4-5级,北风 4-5级
2024-11-04,9,4,晴,多云,北风 4-5级,北风 4-5级
2024-11-05,13,3,多云,晴,西风 4-5级,北风 3-4级
2024-11-06,10,6,晴,晴,南风 1-3级,南风 1-3级
2024-11-07,14,10,晴,晴,北风 1-3级,西风 1-3级
2024-11-08,16,13,多云,多云,南风 4-5级,南风 3-4级
2024-11-09,17,13,多云,多云,南风 3-4级,南风 3-4级
2024-11-10,17,6,多云,晴,东北风 3-4级,东北风 4-5级
2024-11-11,15,10,晴,多云,西南风 3-4级,北风 3-4级
2024-11-12,15,11,晴,晴,东北风 3-4级,东南风 3-4级
2024-11-13,16,13,多云,阴,南风 3-4级,南风 3-4级
2024-11-14,16,12,阵雨,阴,南风 3-4级,北风 3-4级
2024-11-15,17,13,多云,小雨,东南风 3-4级,北风 3-4级
2024-11-16,15,1,多云,晴,北风 4-5级,北风 4-5级
2024-11-17,6,1,晴,晴,北风 4-5级,北风 4-5级
2024-11-18,4,-1,晴,多云,东北风 4-5级,北风 3-4级
2024-11-19,11,4,多云,多云,西南风 4-5级,西风 4-5级
2024-11-20,13,8,晴,晴,西风 4-5级,西北风 4-5级
2024-11-21,12,3,晴,晴,北风 4-5级,北风 4-5级
2024-11-22,9,0,晴,晴,北风 4-5级,北风 4-5级
2024-11-23,8,0,晴,晴,北风 3-4级,南风 3-4级
2024-11-24,12,8,晴,多云,南风 3-4级,南风 3-4级
2024-11-25,12,1,中雨,雨夹雪,西北风 4-5级,西北风 4-5级
2024-11-26,0,-4,阵雪,阵雪,西北风 4-5级,西北风 4-5级
2024-11-27,2,-2,阵雪,多云,西北风 4-5级,西北风 4-5级
2024-11-28,4,1,多云,晴,西北风 4-5级,西北风 4-5级
2024-11-29,9,2,晴,晴,西北风 4-5级,西北风 3-4级
2024-11-30,13,7,晴,多云,西北风 3-4级,东南风 3-4级
2024-12-01,13,-3,多云,多云,南风 4-5级,北风 4-5级
2024-12-02,2,-3,晴,晴,北风 4-5级,西风 3-4级
2024-12-03,7,0,晴,晴,西北风 4-5级,北风 3-4级
2024-12-04,5,-1,晴,晴,西北风 4-5级,西北风 4-5级
2024-12-05,7,-2,晴,晴,西北风 4-5级,西北风 4-5级
2024-12-06,3,-3,晴,多云,北风 3-4级,北风 4-5级
2024-12-07,2,-4,多云,晴,西北风 4-5级,西北风 4-5级
2024-12-08,4,-1,晴,晴,北风 4-5级,北风 3-4级
2024-12-09,7,0,晴,晴,西风 4-5级,北风 3-4级
2024-12-10,4,-3,晴,多云,北风 4-5级,北风 4-5级
2024-12-11,0,-4,多云,多云,北风 4-5级,北风 3-4级
2024-12-12,4,0,阵雨,雨夹雪,西风 4-5级,北风 4-5级
2024-12-13,2,-3,多云,晴,北风 4-5级,北风 4-5级
2024-12-14,3,-1,晴,晴,西北风 4-5级,西北风 4-5级
2024-12-15,3,-2,晴,晴,北风 4-5级,西北风 4-5级
2024-12-16,4,-2,晴,多云,北风 3-4级,北风 4-5级
2024-12-17,-1,-6,晴,晴,北风 4-5级,北风 4-5级
2024-12-18,-3,-7,晴,晴,北风 4-5级,北风 4-5级
2024-12-19,3,-5,晴,多云,西南风 3-4级,西南风 4-5级
2024-12-20,4,-6,多云,多云,西北风 4-5级,北风 4-5级
2024-12-21,-1,-6,多云,晴,北风 4-5级,北风 4-5级
2024-12-22,3,-1,晴,晴,西北风 4-5级,西北风 4-5级
2024-12-23,2,-4,晴,晴,北风 4-5级,北风 3-4级
2024-12-24,5,-2,晴,晴,西南风 3-4级,西南风 4-5级
2024-12-25,6,-6,晴,晴,西北风 4-5级,北风 4-5级
2024-12-26,0,-6,晴,多云,西北风 4-5级,西北风 4-5级
2024-12-27,0,-4,多云,晴,西北风 4-5级,西北风 4-5级
2024-12-28,3,-2,晴,晴,西北风 4-5级,西风 3-4级
2024-12-29,6,0,晴,晴,南风 4-5级,西风 4-5级
2024-12-30,7,-2,晴,晴,西北风 4-5级,西北风 4-5级
2024-12-31,5,-2,晴,晴,西南风 4-5级,北风 3-4级
2025-01-01,4,-3,晴,晴,东北风 3-4级,东北风 3-4级
2025-01-02,0,-3,晴,晴,北风 4-5级,西北风 4-5级
2025-01-03,2,-3,晴,晴,西北风 3-4级,西南风 3-4级
2025-01-04,6,0,晴,多云,西南风 4-5级,西南风 4-5级
2025-01-05,5,-5,多云,晴,西北风 4-5级,北风 4-5级
2025-01-06,-1,-5,晴,晴,西北风 4-5级,西北风 4-5级
2025-01-07,0,-7,多云,多云,西北风 4-5级,北风 4-5级
2025-01-08,-5,-10,多云,多云,北风 4-5级,北风 4-5级
2025-01-09,-5,-11,多云,晴,北风 4-5级,北风 4-5级
2025-01-10,-4,-7,晴,晴,北风 4-5级,北风 3-4级
2025-01-11,1,-6,多云,多云,北风 3-4级,北风 3-4级
2025-01-12,1,-5,晴,多云,西风 3-4级,西风 3-4级
2025-01-13,4,-4,晴,晴,西南风 3-4级,北风 3-4级
2025-01-14,0,-6,多云,晴,北风 4-5级,北风 4-5级
2025-01-15,2,-6,晴,晴,北风 4-5级,西风 4-5级
2025-01-16,4,-2,晴,晴,北风 4-5级,北风 3-4级
2025-01-17,7,1,晴,晴,西南风 4-5级,西南风 3-4级
2025-01-18,7,-1,晴,晴,西南风 4-5级,北风 3-4级
2025-01-19,5,-1,晴,晴,北风 3-4级,北风 3-4级
2025-01-20,7,0,晴,晴,西北风 3-4级,西南风 3-4级
2025-01-21,5,-2,晴,晴,北风 3-4级,北风 3-4级
2025-01-22,4,-2,晴,晴,北风 1-3级,东北风 3-4级
2025-01-23,5,0,晴,晴,东南风 3-4级,东南风 3-4级
2025-01-24,6,-2,晴,晴,北风 3-4级,北风 3-4级
2025-01-25,4,-1,晴,多云,北风 3-4级,北风 3-4级
2025-01-26,3,-5,小雪,中到大雪,南风 3-4级,北风 5-6级
2025-01-27,-5,-7,小雪,阴,西北风 5-6级,西北风 4-5级
2025-01-28,-6,-9,多云,晴,西北风 4-5级,西北风 4-5级
2025-01-29,-5,-9,晴,晴,西北风 3-4级,东北风 3-4级
2025-01-30,-4,-8,小雪,小雪,东北风 3-4级,东北风 3-4级
2025-01-31,-2,-9,阴,晴,东北风 3-4级,东北风 3-4级
2025-02-01,-2,-8,晴,多云,北风 3-4级,北风 3-4级
2025-02-02,0,-8,雨夹雪,多云,北风 4-5级,北风 4-5级
2025-02-03,-6,-10,多云,多云,北风 4-5级,北风 3-4级
2025-02-04,-6,-11,多云,多云,北风 4-5级,北风 4-5级
2025-02-05,-1,-9,多云,多云,西北风 4-5级,西风 4-5级
2025-02-06,0,-11,小雪,小雪,西北风 4-5级,西北风 5-6级
2025-02-07,-6,-11,阵雪,多云,西北风 5-6级,西北风 4-5级
2025-02-08,-5,-8,晴,晴,西北风 4-5级,西北风 3-4级
2025-02-09,0,-7,晴,晴,西北风 3-4级,西北风 3-4级
2025-02-10,5,-2,晴,晴,西南风 4-5级,西南风 4-5级
2025-02-11,7,-2,多云,雨夹雪,南风 4-5级,北风 4-5级
2025-02-12,1,-3,多云,晴,北风 4-5级,西南风 3-4级
2025-02-13,7,2,晴,晴,西南风 4-5级,西风 3-4级
2025-02-14,9,3,晴,多云,西南风 3-4级,西南风 3-4级
2025-02-15,10,-2,晴,晴,西南风 3-4级,北风 4-5级
2025-02-16,3,-3,晴,晴,北风 4-5级,北风 4-5级
2025-02-17,1,-4,晴,晴,北风 4-5级,西北风 3-4级
2025-02-18,1,-4,晴,晴,西北风 3-4级,西北风 3-4级
2025-02-19,0,-5,晴,晴,西北风 4-5级,西北风 3-4级
2025-02-20,0,-5,晴,晴,西北风 4-5级,西北风 3-4级
2025-02-21,-1,-6,晴,晴,西北风 3-4级,西北风 3-4级
2025-02-22,-1,-6,晴,多云,西北风 4-5级,西北风 4-5级
2025-02-23,0,-5,晴,晴,西北风 4-5级,西风 3-4级
2025-02-24,7,0,晴,晴,西南风 4-5级,西南风 4-5级
2025-02-25,7,0,多云,晴,西南风 4-5级,北风 3-4级
2025-02-26,10,2,晴,晴,西南风 4-5级,西南风 3-4级
2025-02-27,12,5,多云,晴,南风 4-5级,南风 4-5级
2025-02-28,13,5,晴,多云,南风 3-4级,东南风 3-4级
2025-03-01,8,0,阴,阴,东南风 4-5级,北风 4-5级
2025-03-02,5,0,多云,多云,东北风 5-6级,东北风 4-5级
2025-03-03,4,0,多云,多云,东北风 4-5级,东北风 3-4级
2025-03-04,3,0,多云,多云,东风 3-4级,北风 3-4级
2025-03-05,7,0,晴,晴,北风 3-4级,北风 3-4级
2025-03-06,5,0,晴,多云,西北风 4-5级,西北风 3-4级
2025-03-07,7,3,多云,小雨,南风 3-4级,南风 3-4级
2025-03-08,9,2,阴,晴,南风 3-4级,南风 3-4级
2025-03-09,10,2,晴,晴,南风 3-4级,南风 4-5级
2025-03-10,11,5,晴,多云,南风 4-5级,东南风 3-4级
2025-03-11,12,6,多云,多云,南风 4-5级,西北风 4-5级
2025-03-12,15,5,晴,晴,西北风 4-5级,西北风 3-4级
2025-03-13,11,5,晴,晴,东风 3-4级,东北风 3-4级
2025-03-14,11,4,晴,晴,东北风 3-4级,东北风 3-4级
2025-03-15,10,1,多云,多云,北风 4-5级,北风 4-5级
2025-03-16,4,0,晴,多云,西北风 4-5级,西南风 3-4级
2025-03-17,5,-1,雨夹雪,阴,北风 4-5级,北风 4-5级
2025-03-18,6,1,晴,晴,北风 4-5级,西南风 3-4级
2025-03-19,12,4,晴,晴,西南风 3-4级,西南风 3-4级
2025-03-20,16,8,晴,晴,西风 4-5级,西风 3-4级
2025-03-21,21,15,晴,晴,西风 4-5级,西风 4-5级
2025-03-22,24,13,晴,晴,西风 4-5级,西南风 3-4级
2025-03-23,23,9,多云,多云,西南风 4-5级,北风 4-5级
2025-03-24,15,8,多云,多云,北风 4-5级,南风 3-4级
2025-03-25,17,5,晴,多云,北风 5-6级,东北风 4-5级
2025-03-26,12,4,多云,多云,东南风 4-5级,西北风 4-5级
2025-03-27,8,2,多云,晴,西北风 4-5级,北风 4-5级
2025-03-28,8,0,多云,多云,北风 3-4级,北风 4-5级
2025-03-29,7,2,晴,晴,西风 3-4级,南风 3-4级
2025-03-30,8,3,晴,晴,南风 3-4级,西南风 3-4级
2025-03-31,15,8,晴,晴,西南风 4-5级,西南风 4-5级
2025-04-01,15,7,多云,阴,西南风 4-5级,西北风 3-4级
2025-04-02,12,4,多云,晴,西北风 4-5级,西南风 3-4级
2025-04-03,14,8,晴,多云,南风 4-5级,南风 4-5级
2025-04-04,14,7,小雨,多云,南风 4-5级,西北风 4-5级
2025-04-05,15,7,晴,晴,西北风 4-5级,西北风 3-4级
2025-04-06,18,8,晴,晴,东南风 3-4级,东南风 3-4级
2025-04-07,18,7,晴,晴,北风 3-4级,北风 3-4级
2025-04-08,18,7,晴,阴,西北风 4-5级,南风 3-4级
2025-04-09,12,6,阵雨,晴,南风 3-4级,东南风 3-4级
2025-04-10,17,10,晴,晴,南风 3-4级,南风 3-4级
2025-04-11,16,9,多云,小到中雨,南风 4-5级,南风 4-5级
2025-04-12,13,5,阴,多云,西南风 4-5级,西北风 5-6级
2025-04-13,9,5,多云,小雨,西北风 4-5级,西北风 5-6级
2025-04-14,12,6,多云,晴,西北风 3-4级,西北风 3-4级
2025-04-15,17,9,晴,晴,西南风 3-4级,东南风 3-4级
2025-04-16,14,8,多云,多云,东风 4-5级,东风 3-4级
2025-04-17,16,10,多云,多云,东北风 4-5级,北风 4-5级
2025-04-18,16,8,阴,小到中雨,北风 1-3级,北风 3-4级
2025-04-19,16,8,晴,晴,西风 3-4级,东南风 3-4级
2025-04-20,17,9,晴,晴,南风 3-4级,东南风 3-4级
2025-04-21,16,11,多云,小雨,南风 4-5级,北风 4-5级
2025-04-22,19,10,晴,晴,北风 4-5级,西北风 3-4级
2025-04-23,20,11,晴,晴,西南风 4-5级,北风 4-5级
2025-04-24,17,9,晴,晴,西风 4-5级,西风 3-4级
2025-04-25,19,11,晴,晴,西南风 3-4级,南风 3-4级
2025-04-26,22,11,多云,雷阵雨,西南风 4-5级,北风 4-5级
2025-04-27,16,8,阵雨,晴,北风 4-5级,西北风 3-4级
2025-04-28,19,10,晴,晴,北风 4-5级,南风 3-4级
2025-04-29,22,14,晴,多云,南风 4-5级,南风 3-4级
2025-04-30,22,11,阴,雷阵雨,南风 3-4级,西北风 4-5级
2025-05-01,18,10,晴,多云,西北风 4-5级,西风 3-4级
2025-05-02,16,10,阵雨,多云,西南风 3-4级,西北风 3-4级
2025-05-03,18,11,晴,晴,西北风 4-5级,西风 3-4级
2025-05-04,20,12,晴,多云,西风 4-5级,南风 3-4级
2025-05-05,17,10,多云,雷阵雨,东南风 4-5级,北风 3-4级
2025-05-06,17,10,多云,晴,北风 3-4级,西南风 3-4级
2025-05-07,17,11,晴,多云,南风 3-4级,南风 3-4级
2025-05-08,17,12,多云,多云,南风 4-5级,东南风 3-4级
2025-05-09,15,11,小雨,中雨,东北风 3-4级,西北风 4-5级
2025-05-10,19,12,多云,晴,西北风 4-5级,西风 4-5级
2025-05-11,22,14,晴,晴,南风 4-5级,南风 4-5级
2025-05-12,21,16,晴,晴,东南风 4-5级,东南风 4-5级
2025-05-13,24,15,晴,晴,南风 4-5级,南风 3-4级
2025-05-14,22,12,阴,多云,北风 4-5级,北风 3-4级
2025-05-15,22,12,晴,晴,西南风 3-4级,南风 3-4级
2025-05-16,16,11,多云,雷阵雨,东南风 4-5级,南风 4-5级
2025-05-17,19,12,多云,晴,西北风 4-5级,西南风 3-4级
2025-05-18,21,14,多云,阵雨,南风 4-5级,南风 4-5级
2025-05-19,23,14,多云,晴,南风 3-4级,东风 3-4级
2025-05-20,20,14,多云,多云,东风 4-5级,东北风 3-4级
2025-05-21,23,16,晴,晴,东北风 4-5级,东北风 4-5级
2025-05-22,25,15,多云,小雨,北风 4-5级,北风 4-5级
2025-05-23,21,13,多云,晴,东北风 3-4级,东北风 3-4级
2025-05-24,23,16,晴,晴,西南风 3-4级,西南风 3-4级
2025-05-25,24,15,晴,晴,北风 3-4级,南风 1-3级
2025-05-26,23,16,晴,多云,南风 3-4级,东南风 3-4级
2025-05-27,20,14,阵雨,阵雨,东南风 4-5级,东南风 4-5级
2025-05-28,23,15,多云,多云,东南风 4-5级,东南风 3-4级
2025-05-29,23,16,晴,晴,东南风 3-4级,东南风 3-4级
2025-05-30,24,17,晴,多云,东南风 3-4级,东南风 3-4级
2025-05-31,23,16,多云,阴,东南风 3-4级,东南风 3-4级
2025-06-01,24,17,晴,多云,南风 3-4级,南风 3-4级
2025-06-02,24,18,多云,多云,南风 4-5级,西北风 3-4级
2025-06-03,26,18,晴,晴,西风 4-5级,西北风 4-5级
2025-06-04,27,18,晴,晴,西北风 4-5级,西南风 4-5级
2025-06-05,28,20,晴,多云,西南风 4-5级,东北风 4-5级
2025-06-06,28,18,多云,多云,东风 3-4级,东北风 4-5级
2025-06-07,26,16,晴,晴,东北风 4-5级,南风 3-4级
2025-06-08,26,16,晴,多云,南风 3-4级,南风 3-4级
2025-06-09,22,16,中雨,阴,南风 4-5级,北风 3-4级
2025-06-10,26,18,晴,晴,西北风 4-5级,西南风 3-4级
2025-06-11,29,20,晴,晴,西南风 4-5级,西南风 3-4级
2025-06-12,28,18,晴,晴,南风 4-5级,南风 4-5级
2025-06-13,25,19,多云,多云,东南风 4-5级,东风 3-4级
2025-06-14,24,18,阵雨,中雨,东风 3-4级,东南风 4-5级
2025-06-15,25,19,小到中雨,多云,南风 4-5级,南风 3-4级
2025-06-16,25,17,阵雨,晴,南风 4-5级,西风 3-4级
2025-06-17,28,20,晴,多云,西南风 3-4级,东南风 3-4级
2025-06-18,28,22,多云,雷阵雨,东南风 4-5级,南风 4-5级
2025-06-19,25,20,多云,中雨,东南风 4-5级,东风 3-4级
2025-06-20,27,20,多云,晴,北风 4-5级,西北风 3-4级
2025-06-21,28,21,晴,晴,西风 3-4级,西风 3-4级
2025-06-22,31,21,晴,晴,西风 3-4级,南风 1-3级
2025-06-23,30,21,晴,晴,南风 3-4级,东南风 3-4级
2025-06-24,28,22,晴,晴,东南风 3-4级,北风 1-3级
2025-06-25,29,22,晴,多云,南风 3-4级,南风 3-4级
2025-06-26,29,22,多云,阵雨,南风 3-4级,南风 3-4级
2025-06-27,25,20,阵雨,阵雨,东南风 3-4级,东风 3-4级
2025-06-28,25,22,阴,阴,西南风 3-4级,南风 3-4级
2025-06-29,26,22,小雨,中雨,东南风 3-4级,南风 4-5级
2025-06-30,25,22,小到中雨,多云,南风 4-5级,南风 4-5级
2025-07-01,30,24,小雨,中雨,南风 4-5级,南风 4-5级
2025-07-02,28,23,多云,阴,西南风 3-4级,南风 3-4级
2025-07-03,29,23,雷阵雨,中到大雨,南风 4-5级,西南风 4-5级
2025-07-04,30,25,晴,雷阵雨,西南风 3-4级,西南风 3-4级
2025-07-05,33,25,多云,阵雨,西南风 3-4级,北风 3-4级
2025-07-06,31,24,晴,晴,东北风 3-4级,东北风 3-4级
2025-07-07,30,24,多云,阴,东风 3-4级,东南风 3-4级
2025-07-08,29,24,多云,晴,东南风 1-3级,东南风 1-3级
2025-07-09,31,24,晴,晴,东南风 1-3级,东南风 1-3级
2025-07-10,32,25,晴,晴,东南风 3-4级,东南风 3-4级
2025-07-11,31,25,晴,晴,东南风 3-4级,东南风 3-4级
2025-07-12,31,24,晴,雷阵雨,南风 3-4级,南风 3-4级
2025-07-13,31,25,多云,晴,北风 4-5级,北风 4-5级
2025-07-14,32,25,晴,晴,北风 4-5级,北风 4-5级
